ts                      session_id blocking_session_id wait_type                                                    wait_time  
----------------------- ---------- ------------------- ------------------------------------------------------------ -----------
2026-09-19 03:02:59.613         55                  59 LCK_M_X                                                           599494

(1 rows affected)
ts                      session_id blocking_session_id wait_type                                                    wait_time  
----------------------- ---------- ------------------- ------------------------------------------------------------ -----------
2026-09-19 03:03:00.617         55                  59 LCK_M_X                                                           600496

(1 rows affected)
ts                      session_id blocking_session_id wait_type                                                    wait_time  
----------------------- ---------- ------------------- ------------------------------------------------------------ -----------
2026-09-19 03:03:01.613         55                  59 LCK_M_X                                                           601498

(1 rows affected)
ts                      session_id blocking_session_id wait_type                                                    wait_time  
----------------------- ---------- ------------------- ------------------------------------------------------------ -----------
2026-09-19 03:03:02.617         55                  59 LCK_M_X                                                           602501

(1 rows affected)
ts                      session_id blocking_session_id wait_type                                                    wait_time  
----------------------- ---------- ------------------- ------------------------------------------------------------ -----------
2026-09-19 03:03:03.620         55                  59 LCK_M_X                                                           603503

(1 rows affected)
ts                      session_id blocking_session_id wait_type                                                    wait_time  
----------------------- ---------- ------------------- ------------------------------------------------------------ -----------
2026-09-19 03:03:04.620         55                  59 LCK_M_X                                                           604505

(1 rows affected)
ts                      session_id blocking_session_id wait_type                                                    wait_time  
----------------------- ---------- ------------------- ------------------------------------------------------------ -----------
2026-09-19 03:03:05.623         55                  59 LCK_M_X                                                           605507

(1 rows affected)
ts                      session_id blocking_session_id wait_type                                                    wait_time  
----------------------- ---------- ------------------- ------------------------------------------------------------ -----------
2026-09-19 03:03:06.627         55                  59 LCK_M_X                                                           606509

(1 rows affected)
ts                      session_id blocking_session_id wait_type                                                    wait_time  
----------------------- ---------- ------------------- ------------------------------------------------------------ -----------
2026-09-19 03:03:07.630         55                  59 LCK_M_X                                                           607512

(1 rows affected)
ts                      session_id blocking_session_id wait_type                                                    wait_time  
----------------------- ---------- ------------------- ------------------------------------------------------------ -----------
2026-09-19 03:03:08.630         55                  59 LCK_M_X                                                           608514

(1 rows affected)
ts                      session_id blocking_session_id wait_type                                                    wait_time  
----------------------- ---------- ------------------- ------------------------------------------------------------ -----------
2026-09-19 03:03:09.633         55                  59 LCK_M_X                                                           609516

(1 rows affected)
ts                      session_id blocking_session_id wait_type                                                    wait_time  
----------------------- ---------- ------------------- ------------------------------------------------------------ -----------
2026-09-19 03:03:10.637         55                  59 LCK_M_X                                                           610518

(1 rows affected)
ts                      session_id blocking_session_id wait_type                                                    wait_time  
----------------------- ---------- ------------------- ------------------------------------------------------------ -----------
2026-09-19 03:03:11.637         55                  59 LCK_M_X                                                           611520

(1 rows affected)
ts                      session_id blocking_session_id wait_type                                                    wait_time  
----------------------- ---------- ------------------- ------------------------------------------------------------ -----------
2026-09-19 03:03:12.640         55                  59 LCK_M_X                                                           612522

(1 rows affected)
ts                      session_id blocking_session_id wait_type                                                    wait_time  
----------------------- ---------- ------------------- ------------------------------------------------------------ -----------
2026-09-19 03:03:13.643         55                  59 LCK_M_X                                                           613524

(1 rows affected)
ts                      session_id blocking_session_id wait_type                                                    wait_time  
----------------------- ---------- ------------------- ------------------------------------------------------------ -----------
2026-09-19 03:03:14.643         55                  59 LCK_M_X                                                           614526

(1 rows affected)
ts                      session_id blocking_session_id wait_type                                                    wait_time  
----------------------- ---------- ------------------- ------------------------------------------------------------ -----------
2026-09-19 03:03:15.643         55                  59 LCK_M_X                                                           615528

(1 rows affected)
ts                      session_id blocking_session_id wait_type                                                    wait_time  
----------------------- ---------- ------------------- ------------------------------------------------------------ -----------
2026-09-19 03:03:16.647         55                  59 LCK_M_X                                                           616530

(1 rows affected)
ts                      session_id blocking_session_id wait_type                                                    wait_time  
----------------------- ---------- ------------------- ------------------------------------------------------------ -----------
2026-09-19 03:03:17.650         55                  59 LCK_M_X                                                           617532

(1 rows affected)
ts                      session_id blocking_session_id wait_type                                                    wait_time  
----------------------- ---------- ------------------- ------------------------------------------------------------ -----------
2026-09-19 03:03:18.653         55                  59 LCK_M_X                                                           618534

(1 rows affected)
ts                      session_id blocking_session_id wait_type                                                    wait_time  
----------------------- ---------- ------------------- ------------------------------------------------------------ -----------
2026-09-19 03:03:19.657         55                  59 LCK_M_X                                                           619536

(1 rows affected)
ts                      session_id blocking_session_id wait_type                                                    wait_time  
----------------------- ---------- ------------------- ------------------------------------------------------------ -----------
2026-09-19 03:03:20.653         55                  59 LCK_M_X                                                           620538

(1 rows affected)
ts                      session_id blocking_session_id wait_type                                                    wait_time  
----------------------- ---------- ------------------- ------------------------------------------------------------ -----------
2026-09-19 03:03:21.657         55                  59 LCK_M_X                                                           621540

(1 rows affected)
ts                      session_id blocking_session_id wait_type                                                    wait_time  
----------------------- ---------- ------------------- ------------------------------------------------------------ -----------
2026-09-19 03:03:22.660         55                  59 LCK_M_X                                                           622542

(1 rows affected)
ts                      session_id blocking_session_id wait_type                                                    wait_time  
----------------------- ---------- ------------------- ------------------------------------------------------------ -----------
2026-09-19 03:03:23.663         55                  59 LCK_M_X                                                           623544

(1 rows affected)
ts                      session_id blocking_session_id wait_type                                                    wait_time  
----------------------- ---------- ------------------- ------------------------------------------------------------ -----------
2026-09-19 03:03:24.667         55                  59 LCK_M_X                                                           624546

(1 rows affected)
ts                      session_id blocking_session_id wait_type                                                    wait_time  
----------------------- ---------- ------------------- ------------------------------------------------------------ -----------
2026-09-19 03:03:25.663         55                  59 LCK_M_X                                                           625548

(1 rows affected)
ts                      session_id blocking_session_id wait_type                                                    wait_time  
----------------------- ---------- ------------------- ------------------------------------------------------------ -----------
2026-09-19 03:03:26.667         55                  59 LCK_M_X                                                           626550

(1 rows affected)
ts                      session_id blocking_session_id wait_type                                                    wait_time  
----------------------- ---------- ------------------- ------------------------------------------------------------ -----------
2026-09-19 03:03:27.670         55                  59 LCK_M_X                                                           627552

(1 rows affected)
ts                      session_id blocking_session_id wait_type                                                    wait_time  
----------------------- ---------- ------------------- ------------------------------------------------------------ -----------
2026-09-19 03:03:28.673         55                  59 LCK_M_X                                                           628553

(1 rows affected)
ts                      session_id blocking_session_id wait_type                                                    wait_time  
----------------------- ---------- ------------------- ------------------------------------------------------------ -----------
2026-09-19 03:03:29.670         55                  59 LCK_M_X                                                           629556

(1 rows affected)
ts                      session_id blocking_session_id wait_type                                                    wait_time  
----------------------- ---------- ------------------- ------------------------------------------------------------ -----------
2026-09-19 03:03:30.677         55                  59 LCK_M_X                                                           630558

(1 rows affected)
ts                      session_id blocking_session_id wait_type                                                    wait_time  
----------------------- ---------- ------------------- ------------------------------------------------------------ -----------
2026-09-19 03:03:31.677         55                  59 LCK_M_X                                                           631560

(1 rows affected)
ts                      session_id blocking_session_id wait_type                                                    wait_time  
----------------------- ---------- ------------------- ------------------------------------------------------------ -----------
2026-09-19 03:03:32.680         55                  59 LCK_M_X                                                           632562

(1 rows affected)
ts                      session_id blocking_session_id wait_type                                                    wait_time  
----------------------- ---------- ------------------- ------------------------------------------------------------ -----------
2026-09-19 03:03:33.680         55                  59 LCK_M_X                                                           633564

(1 rows affected)
ts                      session_id blocking_session_id wait_type                                                    wait_time  
----------------------- ---------- ------------------- ------------------------------------------------------------ -----------
2026-09-19 03:03:34.683         55                  59 LCK_M_X                                                           634566

(1 rows affected)
ts                      session_id blocking_session_id wait_type                                                    wait_time  
----------------------- ---------- ------------------- ------------------------------------------------------------ -----------
2026-09-19 03:03:35.687         55                  59 LCK_M_X                                                           635568

(1 rows affected)
ts                      session_id blocking_session_id wait_type                                                    wait_time  
----------------------- ---------- ------------------- ------------------------------------------------------------ -----------
2026-09-19 03:03:36.687         55                  59 LCK_M_X                                                           636570

(1 rows affected)
ts                      session_id blocking_session_id wait_type                                                    wait_time  
----------------------- ---------- ------------------- ------------------------------------------------------------ -----------
2026-09-19 03:03:37.690         55                  59 LCK_M_X                                                           637572

(1 rows affected)
ts                      session_id blocking_session_id wait_type                                                    wait_time  
----------------------- ---------- ------------------- ------------------------------------------------------------ -----------
2026-09-19 03:03:38.690         55                  59 LCK_M_X                                                           638574

(1 rows affected)
ts                      session_id blocking_session_id wait_type                                                    wait_time  
----------------------- ---------- ------------------- ------------------------------------------------------------ -----------
2026-09-19 03:03:39.693         55                  59 LCK_M_X                                                           639576

(1 rows affected)
ts                      session_id blocking_session_id wait_type                                                    wait_time  
----------------------- ---------- ------------------- ------------------------------------------------------------ -----------
2026-09-19 03:03:40.697         55                  59 LCK_M_X                                                           640578

(1 rows affected)
ts                      session_id blocking_session_id wait_type                                                    wait_time  
----------------------- ---------- ------------------- ------------------------------------------------------------ -----------
2026-09-19 03:03:41.700         55                  59 LCK_M_X                                                           641580

(1 rows affected)
ts                      session_id blocking_session_id wait_type                                                    wait_time  
----------------------- ---------- ------------------- ------------------------------------------------------------ -----------
2026-09-19 03:03:42.697         55                  59 LCK_M_X                                                           642582

(1 rows affected)
ts                      session_id blocking_session_id wait_type                                                    wait_time  
----------------------- ---------- ------------------- ------------------------------------------------------------ -----------
2026-09-19 03:03:43.700         55                  59 LCK_M_X                                                           643584

(1 rows affected)
ts                      session_id blocking_session_id wait_type                                                    wait_time  
----------------------- ---------- ------------------- ------------------------------------------------------------ -----------
2026-09-19 03:03:44.703         55                  59 LCK_M_X                                                           644586

(1 rows affected)
ts                      session_id blocking_session_id wait_type                                                    wait_time  
----------------------- ---------- ------------------- ------------------------------------------------------------ -----------
2026-09-19 03:03:45.707         55                  59 LCK_M_X                                                           645588

(1 rows affected)
ts                      session_id blocking_session_id wait_type                                                    wait_time  
----------------------- ---------- ------------------- ------------------------------------------------------------ -----------
2026-09-19 03:03:46.707         55                  59 LCK_M_X                                                           646590

(1 rows affected)
ts                      session_id blocking_session_id wait_type                                                    wait_time  
----------------------- ---------- ------------------- ------------------------------------------------------------ -----------
2026-09-19 03:03:47.710         55                  59 LCK_M_X                                                           647592

(1 rows affected)
ts                      session_id blocking_session_id wait_type                                                    wait_time  
----------------------- ---------- ------------------- ------------------------------------------------------------ -----------
2026-09-19 03:03:48.710         55                  59 LCK_M_X                                                           648594

(1 rows affected)
ts                      session_id blocking_session_id wait_type                                                    wait_time  
----------------------- ---------- ------------------- ------------------------------------------------------------ -----------
2026-09-19 03:03:49.713         55                  59 LCK_M_X                                                           649596

(1 rows affected)
ts                      session_id blocking_session_id wait_type                                                    wait_time  
----------------------- ---------- ------------------- ------------------------------------------------------------ -----------
2026-09-19 03:03:50.717         55                  59 LCK_M_X                                                           650598

(1 rows affected)
ts                      session_id blocking_session_id wait_type                                                    wait_time  
----------------------- ---------- ------------------- ------------------------------------------------------------ -----------
2026-09-19 03:03:51.717         55                  59 LCK_M_X                                                           651600

(1 rows affected)
ts                      session_id blocking_session_id wait_type                                                    wait_time  
----------------------- ---------- ------------------- ------------------------------------------------------------ -----------
2026-09-19 03:03:52.720         55                  59 LCK_M_X                                                           652602

(1 rows affected)
ts                      session_id blocking_session_id wait_type                                                    wait_time  
----------------------- ---------- ------------------- ------------------------------------------------------------ -----------
2026-09-19 03:03:53.723         55                  59 LCK_M_X                                                           653604

(1 rows affected)
ts                      session_id blocking_session_id wait_type                                                    wait_time  
----------------------- ---------- ------------------- ------------------------------------------------------------ -----------
2026-09-19 03:03:54.727         55                  59 LCK_M_X                                                           654606

(1 rows affected)
ts                      session_id blocking_session_id wait_type                                                    wait_time  
----------------------- ---------- ------------------- ------------------------------------------------------------ -----------
2026-09-19 03:03:55.723         55                  59 LCK_M_X                                                           655608

(1 rows affected)
ts                      session_id blocking_session_id wait_type                                                    wait_time  
----------------------- ---------- ------------------- ------------------------------------------------------------ -----------
2026-09-19 03:03:56.727         55                  59 LCK_M_X                                                           656610

(1 rows affected)
ts                      session_id blocking_session_id wait_type                                                    wait_time  
----------------------- ---------- ------------------- ------------------------------------------------------------ -----------
2026-09-19 03:03:57.730         55                  59 LCK_M_X                                                           657612

(1 rows affected)
ts                      session_id blocking_session_id wait_type                                                    wait_time  
----------------------- ---------- ------------------- ------------------------------------------------------------ -----------
2026-09-19 03:03:58.733         55                  59 LCK_M_X                                                           658615

(1 rows affected)
ts                      session_id blocking_session_id wait_type                                                    wait_time  
----------------------- ---------- ------------------- ------------------------------------------------------------ -----------
2026-09-19 03:03:59.737         55                  59 LCK_M_X                                                           659617

(1 rows affected)
ts                      session_id blocking_session_id wait_type                                                    wait_time  
----------------------- ---------- ------------------- ------------------------------------------------------------ -----------
2026-09-19 03:04:00.740         55                  59 LCK_M_X                                                           660619

(1 rows affected)
ts                      session_id blocking_session_id wait_type                                                    wait_time  
----------------------- ---------- ------------------- ------------------------------------------------------------ -----------
2026-09-19 03:04:01.737         55                  59 LCK_M_X                                                           661621

(1 rows affected)
ts                      session_id blocking_session_id wait_type                                                    wait_time  
----------------------- ---------- ------------------- ------------------------------------------------------------ -----------
2026-09-19 03:04:02.740         55                  59 LCK_M_X                                                           662623

(1 rows affected)
ts                      session_id blocking_session_id wait_type                                                    wait_time  
----------------------- ---------- ------------------- ------------------------------------------------------------ -----------
2026-09-19 03:04:03.740         55                  59 LCK_M_X                                                           663624

(1 rows affected)
ts                      session_id blocking_session_id wait_type                                                    wait_time  
----------------------- ---------- ------------------- ------------------------------------------------------------ -----------
2026-09-19 03:04:04.743         55                  59 LCK_M_X                                                           664626

(1 rows affected)
ts                      session_id blocking_session_id wait_type                                                    wait_time  
----------------------- ---------- ------------------- ------------------------------------------------------------ -----------
2026-09-19 03:04:05.743         55                  59 LCK_M_X                                                           665628

(1 rows affected)
ts                      session_id blocking_session_id wait_type                                                    wait_time  
----------------------- ---------- ------------------- ------------------------------------------------------------ -----------
2026-09-19 03:04:06.750         55                  59 LCK_M_X                                                           666630

(1 rows affected)
ts                      session_id blocking_session_id wait_type                                                    wait_time  
----------------------- ---------- ------------------- ------------------------------------------------------------ -----------
2026-09-19 03:04:07.750         55                  59 LCK_M_X                                                           667632

(1 rows affected)
ts                      session_id blocking_session_id wait_type                                                    wait_time  
----------------------- ---------- ------------------- ------------------------------------------------------------ -----------
2026-09-19 03:04:08.753         55                  59 LCK_M_X                                                           668634

(1 rows affected)
ts                      session_id blocking_session_id wait_type                                                    wait_time  
----------------------- ---------- ------------------- ------------------------------------------------------------ -----------
2026-09-19 03:04:09.757         55                  59 LCK_M_X                                                           669636

(1 rows affected)
ts                      session_id blocking_session_id wait_type                                                    wait_time  
----------------------- ---------- ------------------- ------------------------------------------------------------ -----------
2026-09-19 03:04:10.753         55                  59 LCK_M_X                                                           670638

(1 rows affected)
ts                      session_id blocking_session_id wait_type                                                    wait_time  
----------------------- ---------- ------------------- ------------------------------------------------------------ -----------
2026-09-19 03:04:11.757         55                  59 LCK_M_X                                                           671640

(1 rows affected)
ts                      session_id blocking_session_id wait_type                                                    wait_time  
----------------------- ---------- ------------------- ------------------------------------------------------------ -----------
2026-09-19 03:04:12.760         55                  59 LCK_M_X                                                           672643

(1 rows affected)
ts                      session_id blocking_session_id wait_type                                                    wait_time  
----------------------- ---------- ------------------- ------------------------------------------------------------ -----------
2026-09-19 03:04:13.763         55                  59 LCK_M_X                                                           673645

(1 rows affected)
ts                      session_id blocking_session_id wait_type                                                    wait_time  
----------------------- ---------- ------------------- ------------------------------------------------------------ -----------
2026-09-19 03:04:14.763         55                  59 LCK_M_X                                                           674647

(1 rows affected)
ts                      session_id blocking_session_id wait_type                                                    wait_time  
----------------------- ---------- ------------------- ------------------------------------------------------------ -----------
2026-09-19 03:04:15.767         55                  59 LCK_M_X                                                           675649

(1 rows affected)
ts                      session_id blocking_session_id wait_type                                                    wait_time  
----------------------- ---------- ------------------- ------------------------------------------------------------ -----------
2026-09-19 03:04:16.770         55                  59 LCK_M_X                                                           676651

(1 rows affected)
ts                      session_id blocking_session_id wait_type                                                    wait_time  
----------------------- ---------- ------------------- ------------------------------------------------------------ -----------
2026-09-19 03:04:17.773         55                  59 LCK_M_X                                                           677653

(1 rows affected)
ts                      session_id blocking_session_id wait_type                                                    wait_time  
----------------------- ---------- ------------------- ------------------------------------------------------------ -----------
2026-09-19 03:04:18.770         55                  59 LCK_M_X                                                           678655

(1 rows affected)
ts                      session_id blocking_session_id wait_type                                                    wait_time  
----------------------- ---------- ------------------- ------------------------------------------------------------ -----------
2026-09-19 03:04:19.773         55                  59 LCK_M_X                                                           679657

(1 rows affected)
ts                      session_id blocking_session_id wait_type                                                    wait_time  
----------------------- ---------- ------------------- ------------------------------------------------------------ -----------
2026-09-19 03:04:20.777         55                  59 LCK_M_X                                                           680659

(1 rows affected)
ts                      session_id blocking_session_id wait_type                                                    wait_time  
----------------------- ---------- ------------------- ------------------------------------------------------------ -----------
2026-09-19 03:04:21.780         55                  59 LCK_M_X                                                           681661

(1 rows affected)
ts                      session_id blocking_session_id wait_type                                                    wait_time  
----------------------- ---------- ------------------- ------------------------------------------------------------ -----------
2026-09-19 03:04:22.780         55                  59 LCK_M_X                                                           682663

(1 rows affected)
ts                      session_id blocking_session_id wait_type                                                    wait_time  
----------------------- ---------- ------------------- ------------------------------------------------------------ -----------
2026-09-19 03:04:23.780         55                  59 LCK_M_X                                                           683664

(1 rows affected)
ts                      session_id blocking_session_id wait_type                                                    wait_time  
----------------------- ---------- ------------------- ------------------------------------------------------------ -----------
2026-09-19 03:04:24.783         55                  59 LCK_M_X                                                           684667

(1 rows affected)
ts                      session_id blocking_session_id wait_type                                                    wait_time  
----------------------- ---------- ------------------- ------------------------------------------------------------ -----------
2026-09-19 03:04:25.787         55                  59 LCK_M_X                                                           685669

(1 rows affected)
ts                      session_id blocking_session_id wait_type                                                    wait_time  
----------------------- ---------- ------------------- ------------------------------------------------------------ -----------
2026-09-19 03:04:26.790         55                  59 LCK_M_X                                                           686670

(1 rows affected)
ts                      session_id blocking_session_id wait_type                                                    wait_time  
----------------------- ---------- ------------------- ------------------------------------------------------------ -----------
2026-09-19 03:04:27.790         55                  59 LCK_M_X                                                           687673

(1 rows affected)
ts                      session_id blocking_session_id wait_type                                                    wait_time  
----------------------- ---------- ------------------- ------------------------------------------------------------ -----------
2026-09-19 03:04:28.793         55                  59 LCK_M_X                                                           688674

(1 rows affected)
ts                      session_id blocking_session_id wait_type                                                    wait_time  
----------------------- ---------- ------------------- ------------------------------------------------------------ -----------
2026-09-19 03:04:29.797         55                  59 LCK_M_X                                                           689677

(1 rows affected)
ts                      session_id blocking_session_id wait_type                                                    wait_time  
----------------------- ---------- ------------------- ------------------------------------------------------------ -----------
2026-09-19 03:04:30.793         55                  59 LCK_M_X                                                           690678

(1 rows affected)
ts                      session_id blocking_session_id wait_type                                                    wait_time  
----------------------- ---------- ------------------- ------------------------------------------------------------ -----------
2026-09-19 03:04:31.797         55                  59 LCK_M_X                                                           691680

(1 rows affected)
ts                      session_id blocking_session_id wait_type                                                    wait_time  
----------------------- ---------- ------------------- ------------------------------------------------------------ -----------
2026-09-19 03:04:32.800         55                  59 LCK_M_X                                                           692682

(1 rows affected)
ts                      session_id blocking_session_id wait_type                                                    wait_time  
----------------------- ---------- ------------------- ------------------------------------------------------------ -----------
2026-09-19 03:04:33.803         55                  59 LCK_M_X                                                           693684

(1 rows affected)
ts                      session_id blocking_session_id wait_type                                                    wait_time  
----------------------- ---------- ------------------- ------------------------------------------------------------ -----------
2026-09-19 03:04:34.807         55                  59 LCK_M_X                                                           694686

(1 rows affected)
ts                      session_id blocking_session_id wait_type                                                    wait_time  
----------------------- ---------- ------------------- ------------------------------------------------------------ -----------
2026-09-19 03:04:35.803         55                  59 LCK_M_X                                                           695688

(1 rows affected)
ts                      session_id blocking_session_id wait_type                                                    wait_time  
----------------------- ---------- ------------------- ------------------------------------------------------------ -----------
2026-09-19 03:04:36.807         55                  59 LCK_M_X                                                           696690

(1 rows affected)
ts                      session_id blocking_session_id wait_type                                                    wait_time  
----------------------- ---------- ------------------- ------------------------------------------------------------ -----------
2026-09-19 03:04:37.810         55                  59 LCK_M_X                                                           697692

(1 rows affected)
ts                      session_id blocking_session_id wait_type                                                    wait_time  
----------------------- ---------- ------------------- ------------------------------------------------------------ -----------
2026-09-19 03:04:38.810         55                  59 LCK_M_X                                                           698694

(1 rows affected)
ts                      session_id blocking_session_id wait_type                                                    wait_time  
----------------------- ---------- ------------------- ------------------------------------------------------------ -----------
2026-09-19 03:04:39.813         55                  59 LCK_M_X                                                           699696

(1 rows affected)
ts                      session_id blocking_session_id wait_type                                                    wait_time  
----------------------- ---------- ------------------- ------------------------------------------------------------ -----------
2026-09-19 03:04:40.817         55                  59 LCK_M_X                                                           700698

(1 rows affected)
ts                      session_id blocking_session_id wait_type                                                    wait_time  
----------------------- ---------- ------------------- ------------------------------------------------------------ -----------
2026-09-19 03:04:41.817         55                  59 LCK_M_X                                                           701700

(1 rows affected)
ts                      session_id blocking_session_id wait_type                                                    wait_time  
----------------------- ---------- ------------------- ------------------------------------------------------------ -----------
2026-09-19 03:04:42.817         55                  59 LCK_M_X                                                           702702

(1 rows affected)
ts                      session_id blocking_session_id wait_type                                                    wait_time  
----------------------- ---------- ------------------- ------------------------------------------------------------ -----------
2026-09-19 03:04:43.820         55                  59 LCK_M_X                                                           703704

(1 rows affected)
ts                      session_id blocking_session_id wait_type                                                    wait_time  
----------------------- ---------- ------------------- ------------------------------------------------------------ -----------
2026-09-19 03:04:44.823         55                  59 LCK_M_X                                                           704706

(1 rows affected)
ts                      session_id blocking_session_id wait_type                                                    wait_time  
----------------------- ---------- ------------------- ------------------------------------------------------------ -----------
2026-09-19 03:04:45.827         55                  59 LCK_M_X                                                           705708

(1 rows affected)
ts                      session_id blocking_session_id wait_type                                                    wait_time  
----------------------- ---------- ------------------- ------------------------------------------------------------ -----------
2026-09-19 03:04:46.830         55                  59 LCK_M_X                                                           706710

(1 rows affected)
ts                      session_id blocking_session_id wait_type                                                    wait_time  
----------------------- ---------- ------------------- ------------------------------------------------------------ -----------
2026-09-19 03:04:47.827         55                  59 LCK_M_X                                                           707712

(1 rows affected)
ts                      session_id blocking_session_id wait_type                                                    wait_time  
----------------------- ---------- ------------------- ------------------------------------------------------------ -----------
2026-09-19 03:04:48.830         55                  59 LCK_M_X                                                           708714

(1 rows affected)
ts                      session_id blocking_session_id wait_type                                                    wait_time  
----------------------- ---------- ------------------- ------------------------------------------------------------ -----------
2026-09-19 03:04:49.833         55                  59 LCK_M_X                                                           709716

(1 rows affected)
ts                      session_id blocking_session_id wait_type                                                    wait_time  
----------------------- ---------- ------------------- ------------------------------------------------------------ -----------
2026-09-19 03:04:50.837         55                  59 LCK_M_X                                                           710718

(1 rows affected)
ts                      session_id blocking_session_id wait_type                                                    wait_time  
----------------------- ---------- ------------------- ------------------------------------------------------------ -----------
2026-09-19 03:04:51.840         55                  59 LCK_M_X                                                           711720

(1 rows affected)
ts                      session_id blocking_session_id wait_type                                                    wait_time  
----------------------- ---------- ------------------- ------------------------------------------------------------ -----------
2026-09-19 03:04:52.843         55                  59 LCK_M_X                                                           712722

(1 rows affected)
ts                      session_id blocking_session_id wait_type                                                    wait_time  
----------------------- ---------- ------------------- ------------------------------------------------------------ -----------
2026-09-19 03:04:53.843         55                  59 LCK_M_X                                                           713724

(1 rows affected)
ts                      session_id blocking_session_id wait_type                                                    wait_time  
----------------------- ---------- ------------------- ------------------------------------------------------------ -----------
2026-09-19 03:04:54.843         55                  59 LCK_M_X                                                           714726

(1 rows affected)
ts                      session_id blocking_session_id wait_type                                                    wait_time  
----------------------- ---------- ------------------- ------------------------------------------------------------ -----------
2026-09-19 03:04:55.847         55                  59 LCK_M_X                                                           715728

(1 rows affected)
ts                      session_id blocking_session_id wait_type                                                    wait_time  
----------------------- ---------- ------------------- ------------------------------------------------------------ -----------
2026-09-19 03:04:56.847         55                  59 LCK_M_X                                                           716730

(1 rows affected)
ts                      session_id blocking_session_id wait_type                                                    wait_time  
----------------------- ---------- ------------------- ------------------------------------------------------------ -----------
2026-09-19 03:04:57.850         55                  59 LCK_M_X                                                           717732

(1 rows affected)
ts                      session_id blocking_session_id wait_type                                                    wait_time  
----------------------- ---------- ------------------- ------------------------------------------------------------ -----------
2026-09-19 03:04:58.850         55                  59 LCK_M_X                                                           718734

(1 rows affected)
ts                      session_id blocking_session_id wait_type                                                    wait_time  
----------------------- ---------- ------------------- ------------------------------------------------------------ -----------
2026-09-19 03:04:59.853         55                  59 LCK_M_X                                                           719736

(1 rows affected)
ts                      session_id blocking_session_id wait_type                                                    wait_time  
----------------------- ---------- ------------------- ------------------------------------------------------------ -----------
2026-09-19 03:05:00.857         55                  59 LCK_M_X                                                           720738

(1 rows affected)
ts                      session_id blocking_session_id wait_type                                                    wait_time  
----------------------- ---------- ------------------- ------------------------------------------------------------ -----------
2026-09-19 03:05:01.857         55                  59 LCK_M_X                                                           721740

(1 rows affected)
ts                      session_id blocking_session_id wait_type                                                    wait_time  
----------------------- ---------- ------------------- ------------------------------------------------------------ -----------
2026-09-19 03:05:02.860         55                  59 LCK_M_X                                                           722742

(1 rows affected)
ts                      session_id blocking_session_id wait_type                                                    wait_time  
----------------------- ---------- ------------------- ------------------------------------------------------------ -----------
2026-09-19 03:05:03.860         55                  59 LCK_M_X                                                           723744

(1 rows affected)
ts                      session_id blocking_session_id wait_type                                                    wait_time  
----------------------- ---------- ------------------- ------------------------------------------------------------ -----------
2026-09-19 03:05:04.863         55                  59 LCK_M_X                                                           724746

(1 rows affected)
ts                      session_id blocking_session_id wait_type                                                    wait_time  
----------------------- ---------- ------------------- ------------------------------------------------------------ -----------
2026-09-19 03:05:05.867         55                  59 LCK_M_X                                                           725748

(1 rows affected)
ts                      session_id blocking_session_id wait_type                                                    wait_time  
----------------------- ---------- ------------------- ------------------------------------------------------------ -----------
2026-09-19 03:05:06.867         55                  59 LCK_M_X                                                           726750

(1 rows affected)
ts                      session_id blocking_session_id wait_type                                                    wait_time  
----------------------- ---------- ------------------- ------------------------------------------------------------ -----------
2026-09-19 03:05:07.870         55                  59 LCK_M_X                                                           727752

(1 rows affected)
ts                      session_id blocking_session_id wait_type                                                    wait_time  
----------------------- ---------- ------------------- ------------------------------------------------------------ -----------
2026-09-19 03:05:08.870         55                  59 LCK_M_X                                                           728755

(1 rows affected)
ts                      session_id blocking_session_id wait_type                                                    wait_time  
----------------------- ---------- ------------------- ------------------------------------------------------------ -----------
2026-09-19 03:05:09.873         55                  59 LCK_M_X                                                           729757

(1 rows affected)
ts                      session_id blocking_session_id wait_type                                                    wait_time  
----------------------- ---------- ------------------- ------------------------------------------------------------ -----------
2026-09-19 03:05:10.877         55                  59 LCK_M_X                                                           730759

(1 rows affected)
ts                      session_id blocking_session_id wait_type                                                    wait_time  
----------------------- ---------- ------------------- ------------------------------------------------------------ -----------
2026-09-19 03:05:11.880         55                  59 LCK_M_X                                                           731761

(1 rows affected)
ts                      session_id blocking_session_id wait_type                                                    wait_time  
----------------------- ---------- ------------------- ------------------------------------------------------------ -----------
2026-09-19 03:05:12.880         55                  59 LCK_M_X                                                           732763

(1 rows affected)
ts                      session_id blocking_session_id wait_type                                                    wait_time  
----------------------- ---------- ------------------- ------------------------------------------------------------ -----------
2026-09-19 03:05:13.880         55                  59 LCK_M_X                                                           733764

(1 rows affected)
ts                      session_id blocking_session_id wait_type                                                    wait_time  
----------------------- ---------- ------------------- ------------------------------------------------------------ -----------
2026-09-19 03:05:14.887         55                  59 LCK_M_X                                                           734766

(1 rows affected)
ts                      session_id blocking_session_id wait_type                                                    wait_time  
----------------------- ---------- ------------------- ------------------------------------------------------------ -----------
2026-09-19 03:05:15.887         55                  59 LCK_M_X                                                           735768

(1 rows affected)
ts                      session_id blocking_session_id wait_type                                                    wait_time  
----------------------- ---------- ------------------- ------------------------------------------------------------ -----------
2026-09-19 03:05:16.890         55                  59 LCK_M_X                                                           736770

(1 rows affected)
ts                      session_id blocking_session_id wait_type                                                    wait_time  
----------------------- ---------- ------------------- ------------------------------------------------------------ -----------
2026-09-19 03:05:17.890         55                  59 LCK_M_X                                                           737772

(1 rows affected)
ts                      session_id blocking_session_id wait_type                                                    wait_time  
----------------------- ---------- ------------------- ------------------------------------------------------------ -----------
2026-09-19 03:05:18.890         55                  59 LCK_M_X                                                           738774

(1 rows affected)
ts                      session_id blocking_session_id wait_type                                                    wait_time  
----------------------- ---------- ------------------- ------------------------------------------------------------ -----------
2026-09-19 03:05:19.893         55                  59 LCK_M_X                                                           739776

(1 rows affected)
ts                      session_id blocking_session_id wait_type                                                    wait_time  
----------------------- ---------- ------------------- ------------------------------------------------------------ -----------
2026-09-19 03:05:20.897         55                  59 LCK_M_X                                                           740779

(1 rows affected)
ts                      session_id blocking_session_id wait_type                                                    wait_time  
----------------------- ---------- ------------------- ------------------------------------------------------------ -----------
2026-09-19 03:05:21.900         55                  59 LCK_M_X                                                           741780

(1 rows affected)
ts                      session_id blocking_session_id wait_type                                                    wait_time  
----------------------- ---------- ------------------- ------------------------------------------------------------ -----------
2026-09-19 03:05:22.900         55                  59 LCK_M_X                                                           742782

(1 rows affected)
ts                      session_id blocking_session_id wait_type                                                    wait_time  
----------------------- ---------- ------------------- ------------------------------------------------------------ -----------
2026-09-19 03:05:23.900         55                  59 LCK_M_X                                                           743785

(1 rows affected)
ts                      session_id blocking_session_id wait_type                                                    wait_time  
----------------------- ---------- ------------------- ------------------------------------------------------------ -----------
2026-09-19 03:05:24.903         55                  59 LCK_M_X                                                           744787

(1 rows affected)
ts                      session_id blocking_session_id wait_type                                                    wait_time  
----------------------- ---------- ------------------- ------------------------------------------------------------ -----------
2026-09-19 03:05:25.907         55                  59 LCK_M_X                                                           745789

(1 rows affected)
ts                      session_id blocking_session_id wait_type                                                    wait_time  
----------------------- ---------- ------------------- ------------------------------------------------------------ -----------
2026-09-19 03:05:26.907         55                  59 LCK_M_X                                                           746791

(1 rows affected)
ts                      session_id blocking_session_id wait_type                                                    wait_time  
----------------------- ---------- ------------------- ------------------------------------------------------------ -----------
2026-09-19 03:05:27.910         55                  59 LCK_M_X                                                           747793

(1 rows affected)
ts                      session_id blocking_session_id wait_type                                                    wait_time  
----------------------- ---------- ------------------- ------------------------------------------------------------ -----------
2026-09-19 03:05:28.913         55                  59 LCK_M_X                                                           748795

(1 rows affected)
ts                      session_id blocking_session_id wait_type                                                    wait_time  
----------------------- ---------- ------------------- ------------------------------------------------------------ -----------
2026-09-19 03:05:29.917         55                  59 LCK_M_X                                                           749797

(1 rows affected)
ts                      session_id blocking_session_id wait_type                                                    wait_time  
----------------------- ---------- ------------------- ------------------------------------------------------------ -----------
2026-09-19 03:05:30.913         55                  59 LCK_M_X                                                           750798

(1 rows affected)
ts                      session_id blocking_session_id wait_type                                                    wait_time  
----------------------- ---------- ------------------- ------------------------------------------------------------ -----------
2026-09-19 03:05:31.917         55                  59 LCK_M_X                                                           751800

(1 rows affected)
ts                      session_id blocking_session_id wait_type                                                    wait_time  
----------------------- ---------- ------------------- ------------------------------------------------------------ -----------
2026-09-19 03:05:32.920         55                  59 LCK_M_X                                                           752803

(1 rows affected)
ts                      session_id blocking_session_id wait_type                                                    wait_time  
----------------------- ---------- ------------------- ------------------------------------------------------------ -----------
2026-09-19 03:05:33.923         55                  59 LCK_M_X                                                           753805

(1 rows affected)
ts                      session_id blocking_session_id wait_type                                                    wait_time  
----------------------- ---------- ------------------- ------------------------------------------------------------ -----------
2026-09-19 03:05:34.927         55                  59 LCK_M_X                                                           754807

(1 rows affected)
ts                      session_id blocking_session_id wait_type                                                    wait_time  
----------------------- ---------- ------------------- ------------------------------------------------------------ -----------
2026-09-19 03:05:35.923         55                  59 LCK_M_X                                                           755809

(1 rows affected)
ts                      session_id blocking_session_id wait_type                                                    wait_time  
----------------------- ---------- ------------------- ------------------------------------------------------------ -----------
2026-09-19 03:05:36.927         55                  59 LCK_M_X                                                           756811

(1 rows affected)
ts                      session_id blocking_session_id wait_type                                                    wait_time  
----------------------- ---------- ------------------- ------------------------------------------------------------ -----------
2026-09-19 03:05:37.930         55                  59 LCK_M_X                                                           757813

(1 rows affected)
ts                      session_id blocking_session_id wait_type                                                    wait_time  
----------------------- ---------- ------------------- ------------------------------------------------------------ -----------
2026-09-19 03:05:38.930         55                  59 LCK_M_X                                                           758815

(1 rows affected)
ts                      session_id blocking_session_id wait_type                                                    wait_time  
----------------------- ---------- ------------------- ------------------------------------------------------------ -----------
2026-09-19 03:05:39.937         55                  59 LCK_M_X                                                           759817

(1 rows affected)
ts                      session_id blocking_session_id wait_type                                                    wait_time  
----------------------- ---------- ------------------- ------------------------------------------------------------ -----------
2026-09-19 03:05:40.937         55                  59 LCK_M_X                                                           760819

(1 rows affected)
ts                      session_id blocking_session_id wait_type                                                    wait_time  
----------------------- ---------- ------------------- ------------------------------------------------------------ -----------
2026-09-19 03:05:41.937         55                  59 LCK_M_X                                                           761821

(1 rows affected)
ts                      session_id blocking_session_id wait_type                                                    wait_time  
----------------------- ---------- ------------------- ------------------------------------------------------------ -----------
2026-09-19 03:05:42.940         55                  59 LCK_M_X                                                           762823

(1 rows affected)
ts                      session_id blocking_session_id wait_type                                                    wait_time  
----------------------- ---------- ------------------- ------------------------------------------------------------ -----------
2026-09-19 03:05:43.940         55                  59 LCK_M_X                                                           763825

(1 rows affected)
ts                      session_id blocking_session_id wait_type                                                    wait_time  
----------------------- ---------- ------------------- ------------------------------------------------------------ -----------
2026-09-19 03:05:44.947         55                  59 LCK_M_X                                                           764827

(1 rows affected)
ts                      session_id blocking_session_id wait_type                                                    wait_time  
----------------------- ---------- ------------------- ------------------------------------------------------------ -----------
2026-09-19 03:05:45.950         55                  59 LCK_M_X                                                           765829

(1 rows affected)
ts                      session_id blocking_session_id wait_type                                                    wait_time  
----------------------- ---------- ------------------- ------------------------------------------------------------ -----------
2026-09-19 03:05:46.947         55                  59 LCK_M_X                                                           766831

(1 rows affected)
ts                      session_id blocking_session_id wait_type                                                    wait_time  
----------------------- ---------- ------------------- ------------------------------------------------------------ -----------
2026-09-19 03:05:47.950         55                  59 LCK_M_X                                                           767834

(1 rows affected)
ts                      session_id blocking_session_id wait_type                                                    wait_time  
----------------------- ---------- ------------------- ------------------------------------------------------------ -----------
2026-09-19 03:05:48.953         55                  59 LCK_M_X                                                           768836

(1 rows affected)
ts                      session_id blocking_session_id wait_type                                                    wait_time  
----------------------- ---------- ------------------- ------------------------------------------------------------ -----------
2026-09-19 03:05:49.957         55                  59 LCK_M_X                                                           769838

(1 rows affected)
ts                      session_id blocking_session_id wait_type                                                    wait_time  
----------------------- ---------- ------------------- ------------------------------------------------------------ -----------
2026-09-19 03:05:50.960         55                  59 LCK_M_X                                                           770840

(1 rows affected)
ts                      session_id blocking_session_id wait_type                                                    wait_time  
----------------------- ---------- ------------------- ------------------------------------------------------------ -----------
2026-09-19 03:05:51.960         55                  59 LCK_M_X                                                           771843

(1 rows affected)
ts                      session_id blocking_session_id wait_type                                                    wait_time  
----------------------- ---------- ------------------- ------------------------------------------------------------ -----------
2026-09-19 03:05:52.960         55                  59 LCK_M_X                                                           772845

(1 rows affected)
ts                      session_id blocking_session_id wait_type                                                    wait_time  
----------------------- ---------- ------------------- ------------------------------------------------------------ -----------
2026-09-19 03:05:53.963         55                  59 LCK_M_X                                                           773847

(1 rows affected)
ts                      session_id blocking_session_id wait_type                                                    wait_time  
----------------------- ---------- ------------------- ------------------------------------------------------------ -----------
2026-09-19 03:05:54.967         55                  59 LCK_M_X                                                           774849

(1 rows affected)
ts                      session_id blocking_session_id wait_type                                                    wait_time  
----------------------- ---------- ------------------- ------------------------------------------------------------ -----------
2026-09-19 03:05:55.970         55                  59 LCK_M_X                                                           775851

(1 rows affected)
ts                      session_id blocking_session_id wait_type                                                    wait_time  
----------------------- ---------- ------------------- ------------------------------------------------------------ -----------
2026-09-19 03:05:56.970         55                  59 LCK_M_X                                                           776853

(1 rows affected)
ts                      session_id blocking_session_id wait_type                                                    wait_time  
----------------------- ---------- ------------------- ------------------------------------------------------------ -----------
2026-09-19 03:05:57.973         55                  59 LCK_M_X                                                           777855

(1 rows affected)
ts                      session_id blocking_session_id wait_type                                                    wait_time  
----------------------- ---------- ------------------- ------------------------------------------------------------ -----------
2026-09-19 03:05:58.973         55                  59 LCK_M_X                                                           778857

(1 rows affected)
ts                      session_id blocking_session_id wait_type                                                    wait_time  
----------------------- ---------- ------------------- ------------------------------------------------------------ -----------
2026-09-19 03:05:59.977         55                  59 LCK_M_X                                                           779859

(1 rows affected)
ts                      session_id blocking_session_id wait_type                                                    wait_time  
----------------------- ---------- ------------------- ------------------------------------------------------------ -----------
2026-09-19 03:06:00.980         55                  59 LCK_M_X                                                           780861

(1 rows affected)
ts                      session_id blocking_session_id wait_type                                                    wait_time  
----------------------- ---------- ------------------- ------------------------------------------------------------ -----------
2026-09-19 03:06:01.980         55                  59 LCK_M_X                                                           781863

(1 rows affected)
ts                      session_id blocking_session_id wait_type                                                    wait_time  
----------------------- ---------- ------------------- ------------------------------------------------------------ -----------
2026-09-19 03:06:02.980         55                  59 LCK_M_X                                                           782865

(1 rows affected)
ts                      session_id blocking_session_id wait_type                                                    wait_time  
----------------------- ---------- ------------------- ------------------------------------------------------------ -----------
2026-09-19 03:06:03.987         55                  59 LCK_M_X                                                           783867

(1 rows affected)
ts                      session_id blocking_session_id wait_type                                                    wait_time  
----------------------- ---------- ------------------- ------------------------------------------------------------ -----------
2026-09-19 03:06:04.987         55                  59 LCK_M_X                                                           784869

(1 rows affected)
ts                      session_id blocking_session_id wait_type                                                    wait_time  
----------------------- ---------- ------------------- ------------------------------------------------------------ -----------
2026-09-19 03:06:05.987         55                  59 LCK_M_X                                                           785871

(1 rows affected)
ts                      session_id blocking_session_id wait_type                                                    wait_time  
----------------------- ---------- ------------------- ------------------------------------------------------------ -----------
2026-09-19 03:06:06.990         55                  59 LCK_M_X                                                           786873

(1 rows affected)
ts                      session_id blocking_session_id wait_type                                                    wait_time  
----------------------- ---------- ------------------- ------------------------------------------------------------ -----------
2026-09-19 03:06:07.990         55                  59 LCK_M_X                                                           787875

(1 rows affected)
ts                      session_id blocking_session_id wait_type                                                    wait_time  
----------------------- ---------- ------------------- ------------------------------------------------------------ -----------
2026-09-19 03:06:08.993         55                  59 LCK_M_X                                                           788877

(1 rows affected)
ts                      session_id blocking_session_id wait_type                                                    wait_time  
----------------------- ---------- ------------------- ------------------------------------------------------------ -----------
2026-09-19 03:06:09.997         55                  59 LCK_M_X                                                           789880

(1 rows affected)
ts                      session_id blocking_session_id wait_type                                                    wait_time  
----------------------- ---------- ------------------- ------------------------------------------------------------ -----------
2026-09-19 03:06:11.000         55                  59 LCK_M_X                                                           790882

(1 rows affected)
ts                      session_id blocking_session_id wait_type                                                    wait_time  
----------------------- ---------- ------------------- ------------------------------------------------------------ -----------
2026-09-19 03:06:12.000         55                  59 LCK_M_X                                                           791884

(1 rows affected)
ts                      session_id blocking_session_id wait_type                                                    wait_time  
----------------------- ---------- ------------------- ------------------------------------------------------------ -----------
2026-09-19 03:06:13.003         55                  59 LCK_M_X                                                           792885

(1 rows affected)
ts                      session_id blocking_session_id wait_type                                                    wait_time  
----------------------- ---------- ------------------- ------------------------------------------------------------ -----------
2026-09-19 03:06:14.007         55                  59 LCK_M_X                                                           793887

(1 rows affected)
ts                      session_id blocking_session_id wait_type                                                    wait_time  
----------------------- ---------- ------------------- ------------------------------------------------------------ -----------
2026-09-19 03:06:15.007         55                  59 LCK_M_X                                                           794890

(1 rows affected)
ts                      session_id blocking_session_id wait_type                                                    wait_time  
----------------------- ---------- ------------------- ------------------------------------------------------------ -----------
2026-09-19 03:06:16.010         55                  59 LCK_M_X                                                           795892

(1 rows affected)
ts                      session_id blocking_session_id wait_type                                                    wait_time  
----------------------- ---------- ------------------- ------------------------------------------------------------ -----------
2026-09-19 03:06:17.010         55                  59 LCK_M_X                                                           796893

(1 rows affected)
ts                      session_id blocking_session_id wait_type                                                    wait_time  
----------------------- ---------- ------------------- ------------------------------------------------------------ -----------
2026-09-19 03:06:18.013         55                  59 LCK_M_X                                                           797896

(1 rows affected)
ts                      session_id blocking_session_id wait_type                                                    wait_time  
----------------------- ---------- ------------------- ------------------------------------------------------------ -----------
2026-09-19 03:06:19.013         55                  59 LCK_M_X                                                           798898

(1 rows affected)
ts                      session_id blocking_session_id wait_type                                                    wait_time  
----------------------- ---------- ------------------- ------------------------------------------------------------ -----------
2026-09-19 03:06:20.017         55                  59 LCK_M_X                                                           799900

(1 rows affected)
ts                      session_id blocking_session_id wait_type                                                    wait_time  
----------------------- ---------- ------------------- ------------------------------------------------------------ -----------
2026-09-19 03:06:21.020         55                  59 LCK_M_X                                                           800902

(1 rows affected)
ts                      session_id blocking_session_id wait_type                                                    wait_time  
----------------------- ---------- ------------------- ------------------------------------------------------------ -----------
2026-09-19 03:06:22.023         55                  59 LCK_M_X                                                           801904

(1 rows affected)
ts                      session_id blocking_session_id wait_type                                                    wait_time  
----------------------- ---------- ------------------- ------------------------------------------------------------ -----------
2026-09-19 03:06:23.020         55                  59 LCK_M_X                                                           802906

(1 rows affected)
ts                      session_id blocking_session_id wait_type                                                    wait_time  
----------------------- ---------- ------------------- ------------------------------------------------------------ -----------
2026-09-19 03:06:24.023         55                  59 LCK_M_X                                                           803908

(1 rows affected)
ts                      session_id blocking_session_id wait_type                                                    wait_time  
----------------------- ---------- ------------------- ------------------------------------------------------------ -----------
2026-09-19 03:06:25.027         55                  59 LCK_M_X                                                           804910

(1 rows affected)
ts                      session_id blocking_session_id wait_type                                                    wait_time  
----------------------- ---------- ------------------- ------------------------------------------------------------ -----------
2026-09-19 03:06:26.030         55                  59 LCK_M_X                                                           805912

(1 rows affected)
ts                      session_id blocking_session_id wait_type                                                    wait_time  
----------------------- ---------- ------------------- ------------------------------------------------------------ -----------
2026-09-19 03:06:27.033         55                  59 LCK_M_X                                                           806914

(1 rows affected)
ts                      session_id blocking_session_id wait_type                                                    wait_time  
----------------------- ---------- ------------------- ------------------------------------------------------------ -----------
2026-09-19 03:06:28.030         55                  59 LCK_M_X                                                           807916

(1 rows affected)
ts                      session_id blocking_session_id wait_type                                                    wait_time  
----------------------- ---------- ------------------- ------------------------------------------------------------ -----------
2026-09-19 03:06:29.033         55                  59 LCK_M_X                                                           808918

(1 rows affected)
ts                      session_id blocking_session_id wait_type                                                    wait_time  
----------------------- ---------- ------------------- ------------------------------------------------------------ -----------
2026-09-19 03:06:30.037         55                  59 LCK_M_X                                                           809921

(1 rows affected)
ts                      session_id blocking_session_id wait_type                                                    wait_time  
----------------------- ---------- ------------------- ------------------------------------------------------------ -----------
2026-09-19 03:06:31.040         55                  59 LCK_M_X                                                           810923

(1 rows affected)
ts                      session_id blocking_session_id wait_type                                                    wait_time  
----------------------- ---------- ------------------- ------------------------------------------------------------ -----------
2026-09-19 03:06:32.043         55                  59 LCK_M_X                                                           811924

(1 rows affected)
ts                      session_id blocking_session_id wait_type                                                    wait_time  
----------------------- ---------- ------------------- ------------------------------------------------------------ -----------
2026-09-19 03:06:33.043         55                  59 LCK_M_X                                                           812926

(1 rows affected)
ts                      session_id blocking_session_id wait_type                                                    wait_time  
----------------------- ---------- ------------------- ------------------------------------------------------------ -----------
2026-09-19 03:06:34.047         55                  59 LCK_M_X                                                           813928

(1 rows affected)
ts                      session_id blocking_session_id wait_type                                                    wait_time  
----------------------- ---------- ------------------- ------------------------------------------------------------ -----------
2026-09-19 03:06:35.050         55                  59 LCK_M_X                                                           814930

(1 rows affected)
ts                      session_id blocking_session_id wait_type                                                    wait_time  
----------------------- ---------- ------------------- ------------------------------------------------------------ -----------
2026-09-19 03:06:36.050         55                  59 LCK_M_X                                                           815932

(1 rows affected)
ts                      session_id blocking_session_id wait_type                                                    wait_time  
----------------------- ---------- ------------------- ------------------------------------------------------------ -----------
2026-09-19 03:06:37.050         55                  59 LCK_M_X                                                           816934

(1 rows affected)
ts                      session_id blocking_session_id wait_type                                                    wait_time  
----------------------- ---------- ------------------- ------------------------------------------------------------ -----------
2026-09-19 03:06:38.053         55                  59 LCK_M_X                                                           817936

(1 rows affected)
ts                      session_id blocking_session_id wait_type                                                    wait_time  
----------------------- ---------- ------------------- ------------------------------------------------------------ -----------
2026-09-19 03:06:39.057         55                  59 LCK_M_X                                                           818938

(1 rows affected)
ts                      session_id blocking_session_id wait_type                                                    wait_time  
----------------------- ---------- ------------------- ------------------------------------------------------------ -----------
2026-09-19 03:06:40.060         55                  59 LCK_M_X                                                           819940

(1 rows affected)
ts                      session_id blocking_session_id wait_type                                                    wait_time  
----------------------- ---------- ------------------- ------------------------------------------------------------ -----------
2026-09-19 03:06:41.063         55                  59 LCK_M_X                                                           820943

(1 rows affected)
ts                      session_id blocking_session_id wait_type                                                    wait_time  
----------------------- ---------- ------------------- ------------------------------------------------------------ -----------
2026-09-19 03:06:42.063         55                  59 LCK_M_X                                                           821945

(1 rows affected)
ts                      session_id blocking_session_id wait_type                                                    wait_time  
----------------------- ---------- ------------------- ------------------------------------------------------------ -----------
2026-09-19 03:06:43.063         55                  59 LCK_M_X                                                           822947

(1 rows affected)
ts                      session_id blocking_session_id wait_type                                                    wait_time  
----------------------- ---------- ------------------- ------------------------------------------------------------ -----------
2026-09-19 03:06:44.067         55                  59 LCK_M_X                                                           823949

(1 rows affected)
ts                      session_id blocking_session_id wait_type                                                    wait_time  
----------------------- ---------- ------------------- ------------------------------------------------------------ -----------
2026-09-19 03:06:45.070         55                  59 LCK_M_X                                                           824951

(1 rows affected)
ts                      session_id blocking_session_id wait_type                                                    wait_time  
----------------------- ---------- ------------------- ------------------------------------------------------------ -----------
2026-09-19 03:06:46.070         55                  59 LCK_M_X                                                           825953

(1 rows affected)
ts                      session_id blocking_session_id wait_type                                                    wait_time  
----------------------- ---------- ------------------- ------------------------------------------------------------ -----------
2026-09-19 03:06:47.077         55                  59 LCK_M_X                                                           826956

(1 rows affected)
ts                      session_id blocking_session_id wait_type                                                    wait_time  
----------------------- ---------- ------------------- ------------------------------------------------------------ -----------
2026-09-19 03:06:48.073         55                  59 LCK_M_X                                                           827957

(1 rows affected)
ts                      session_id blocking_session_id wait_type                                                    wait_time  
----------------------- ---------- ------------------- ------------------------------------------------------------ -----------
2026-09-19 03:06:49.077         55                  59 LCK_M_X                                                           828960

(1 rows affected)
ts                      session_id blocking_session_id wait_type                                                    wait_time  
----------------------- ---------- ------------------- ------------------------------------------------------------ -----------
2026-09-19 03:06:50.080         55                  59 LCK_M_X                                                           829962

(1 rows affected)
ts                      session_id blocking_session_id wait_type                                                    wait_time  
----------------------- ---------- ------------------- ------------------------------------------------------------ -----------
2026-09-19 03:06:51.080         55                  59 LCK_M_X                                                           830964

(1 rows affected)
ts                      session_id blocking_session_id wait_type                                                    wait_time  
----------------------- ---------- ------------------- ------------------------------------------------------------ -----------
2026-09-19 03:06:52.083         55                  59 LCK_M_X                                                           831966

(1 rows affected)
ts                      session_id blocking_session_id wait_type                                                    wait_time  
----------------------- ---------- ------------------- ------------------------------------------------------------ -----------
2026-09-19 03:06:53.083         55                  59 LCK_M_X                                                           832968

(1 rows affected)
ts                      session_id blocking_session_id wait_type                                                    wait_time  
----------------------- ---------- ------------------- ------------------------------------------------------------ -----------
2026-09-19 03:06:54.090         55                  59 LCK_M_X                                                           833970

(1 rows affected)
ts                      session_id blocking_session_id wait_type                                                    wait_time  
----------------------- ---------- ------------------- ------------------------------------------------------------ -----------
2026-09-19 03:06:55.087         55                  59 LCK_M_X                                                           834972

(1 rows affected)
ts                      session_id blocking_session_id wait_type                                                    wait_time  
----------------------- ---------- ------------------- ------------------------------------------------------------ -----------
2026-09-19 03:06:56.090         55                  59 LCK_M_X                                                           835974

(1 rows affected)
ts                      session_id blocking_session_id wait_type                                                    wait_time  
----------------------- ---------- ------------------- ------------------------------------------------------------ -----------
2026-09-19 03:06:57.093         55                  59 LCK_M_X                                                           836977

(1 rows affected)
ts                      session_id blocking_session_id wait_type                                                    wait_time  
----------------------- ---------- ------------------- ------------------------------------------------------------ -----------
2026-09-19 03:06:58.097         55                  59 LCK_M_X                                                           837979

(1 rows affected)
ts                      session_id blocking_session_id wait_type                                                    wait_time  
----------------------- ---------- ------------------- ------------------------------------------------------------ -----------
2026-09-19 03:06:59.100         55                  59 LCK_M_X                                                           838981

(1 rows affected)
ts                      session_id blocking_session_id wait_type                                                    wait_time  
----------------------- ---------- ------------------- ------------------------------------------------------------ -----------
2026-09-19 03:07:00.100         55                  59 LCK_M_X                                                           839983

(1 rows affected)
ts                      session_id blocking_session_id wait_type                                                    wait_time  
----------------------- ---------- ------------------- ------------------------------------------------------------ -----------
2026-09-19 03:07:01.100         55                  59 LCK_M_X                                                           840985

(1 rows affected)
ts                      session_id blocking_session_id wait_type                                                    wait_time  
----------------------- ---------- ------------------- ------------------------------------------------------------ -----------
2026-09-19 03:07:02.107         55                  59 LCK_M_X                                                           841988

(1 rows affected)
ts                      session_id blocking_session_id wait_type                                                    wait_time  
----------------------- ---------- ------------------- ------------------------------------------------------------ -----------
2026-09-19 03:07:03.110         55                  59 LCK_M_X                                                           842990

(1 rows affected)
ts                      session_id blocking_session_id wait_type                                                    wait_time  
----------------------- ---------- ------------------- ------------------------------------------------------------ -----------
2026-09-19 03:07:04.110         55                  59 LCK_M_X                                                           843992

(1 rows affected)
ts                      session_id blocking_session_id wait_type                                                    wait_time  
----------------------- ---------- ------------------- ------------------------------------------------------------ -----------
2026-09-19 03:07:05.113         55                  59 LCK_M_X                                                           844994

(1 rows affected)
ts                      session_id blocking_session_id wait_type                                                    wait_time  
----------------------- ---------- ------------------- ------------------------------------------------------------ -----------
2026-09-19 03:07:06.113         55                  59 LCK_M_X                                                           845996

(1 rows affected)
ts                      session_id blocking_session_id wait_type                                                    wait_time  
----------------------- ---------- ------------------- ------------------------------------------------------------ -----------
2026-09-19 03:07:07.117         55                  59 LCK_M_X                                                           846998

(1 rows affected)
ts                      session_id blocking_session_id wait_type                                                    wait_time  
----------------------- ---------- ------------------- ------------------------------------------------------------ -----------
2026-09-19 03:07:08.120         55                  59 LCK_M_X                                                           848001

(1 rows affected)
ts                      session_id blocking_session_id wait_type                                                    wait_time  
----------------------- ---------- ------------------- ------------------------------------------------------------ -----------
2026-09-19 03:07:09.120         55                  59 LCK_M_X                                                           849003

(1 rows affected)
ts                      session_id blocking_session_id wait_type                                                    wait_time  
----------------------- ---------- ------------------- ------------------------------------------------------------ -----------
2026-09-19 03:07:10.123         55                  59 LCK_M_X                                                           850005

(1 rows affected)
ts                      session_id blocking_session_id wait_type                                                    wait_time  
----------------------- ---------- ------------------- ------------------------------------------------------------ -----------
2026-09-19 03:07:11.127         55                  59 LCK_M_X                                                           851007

(1 rows affected)
ts                      session_id blocking_session_id wait_type                                                    wait_time  
----------------------- ---------- ------------------- ------------------------------------------------------------ -----------
2026-09-19 03:07:12.130         55                  59 LCK_M_X                                                           852009

(1 rows affected)
ts                      session_id blocking_session_id wait_type                                                    wait_time  
----------------------- ---------- ------------------- ------------------------------------------------------------ -----------
2026-09-19 03:07:13.127         55                  59 LCK_M_X                                                           853011

(1 rows affected)
ts                      session_id blocking_session_id wait_type                                                    wait_time  
----------------------- ---------- ------------------- ------------------------------------------------------------ -----------
2026-09-19 03:07:14.130         55                  59 LCK_M_X                                                           854013

(1 rows affected)
ts                      session_id blocking_session_id wait_type                                                    wait_time  
----------------------- ---------- ------------------- ------------------------------------------------------------ -----------
2026-09-19 03:07:15.130         55                  59 LCK_M_X                                                           855016

(1 rows affected)
ts                      session_id blocking_session_id wait_type                                                    wait_time  
----------------------- ---------- ------------------- ------------------------------------------------------------ -----------
2026-09-19 03:07:16.133         55                  59 LCK_M_X                                                           856018

(1 rows affected)
ts                      session_id blocking_session_id wait_type                                                    wait_time  
----------------------- ---------- ------------------- ------------------------------------------------------------ -----------
2026-09-19 03:07:17.140         55                  59 LCK_M_X                                                           857020

(1 rows affected)
ts                      session_id blocking_session_id wait_type                                                    wait_time  
----------------------- ---------- ------------------- ------------------------------------------------------------ -----------
2026-09-19 03:07:18.140         55                  59 LCK_M_X                                                           858022

(1 rows affected)
ts                      session_id blocking_session_id wait_type                                                    wait_time  
----------------------- ---------- ------------------- ------------------------------------------------------------ -----------
2026-09-19 03:07:19.143         55                  59 LCK_M_X                                                           859024

(1 rows affected)
ts                      session_id blocking_session_id wait_type                                                    wait_time  
----------------------- ---------- ------------------- ------------------------------------------------------------ -----------
2026-09-19 03:07:20.143         55                  59 LCK_M_X                                                           860026

(1 rows affected)
ts                      session_id blocking_session_id wait_type                                                    wait_time  
----------------------- ---------- ------------------- ------------------------------------------------------------ -----------
2026-09-19 03:07:21.147         55                  59 LCK_M_X                                                           861028

(1 rows affected)
ts                      session_id blocking_session_id wait_type                                                    wait_time  
----------------------- ---------- ------------------- ------------------------------------------------------------ -----------
2026-09-19 03:07:22.147         55                  59 LCK_M_X                                                           862030

(1 rows affected)
ts                      session_id blocking_session_id wait_type                                                    wait_time  
----------------------- ---------- ------------------- ------------------------------------------------------------ -----------
2026-09-19 03:07:23.150         55                  59 LCK_M_X                                                           863033

(1 rows affected)
ts                      session_id blocking_session_id wait_type                                                    wait_time  
----------------------- ---------- ------------------- ------------------------------------------------------------ -----------
2026-09-19 03:07:24.153         55                  59 LCK_M_X                                                           864035

(1 rows affected)
ts                      session_id blocking_session_id wait_type                                                    wait_time  
----------------------- ---------- ------------------- ------------------------------------------------------------ -----------
2026-09-19 03:07:25.153         55                  59 LCK_M_X                                                           865037

(1 rows affected)
ts                      session_id blocking_session_id wait_type                                                    wait_time  
----------------------- ---------- ------------------- ------------------------------------------------------------ -----------
2026-09-19 03:07:26.153         55                  59 LCK_M_X                                                           866039

(1 rows affected)
ts                      session_id blocking_session_id wait_type                                                    wait_time  
----------------------- ---------- ------------------- ------------------------------------------------------------ -----------
2026-09-19 03:07:27.160         55                  59 LCK_M_X                                                           867041

(1 rows affected)
ts                      session_id blocking_session_id wait_type                                                    wait_time  
----------------------- ---------- ------------------- ------------------------------------------------------------ -----------
2026-09-19 03:07:28.160         55                  59 LCK_M_X                                                           868043

(1 rows affected)
ts                      session_id blocking_session_id wait_type                                                    wait_time  
----------------------- ---------- ------------------- ------------------------------------------------------------ -----------
2026-09-19 03:07:29.163         55                  59 LCK_M_X                                                           869045

(1 rows affected)
ts                      session_id blocking_session_id wait_type                                                    wait_time  
----------------------- ---------- ------------------- ------------------------------------------------------------ -----------
2026-09-19 03:07:30.167         55                  59 LCK_M_X                                                           870047

(1 rows affected)
ts                      session_id blocking_session_id wait_type                                                    wait_time  
----------------------- ---------- ------------------- ------------------------------------------------------------ -----------
2026-09-19 03:07:31.163         55                  59 LCK_M_X                                                           871049

(1 rows affected)
ts                      session_id blocking_session_id wait_type                                                    wait_time  
----------------------- ---------- ------------------- ------------------------------------------------------------ -----------
2026-09-19 03:07:32.167         55                  59 LCK_M_X                                                           872051

(1 rows affected)
ts                      session_id blocking_session_id wait_type                                                    wait_time  
----------------------- ---------- ------------------- ------------------------------------------------------------ -----------
2026-09-19 03:07:33.170         55                  59 LCK_M_X                                                           873053

(1 rows affected)
ts                      session_id blocking_session_id wait_type                                                    wait_time  
----------------------- ---------- ------------------- ------------------------------------------------------------ -----------
2026-09-19 03:07:34.173         55                  59 LCK_M_X                                                           874055

(1 rows affected)
ts                      session_id blocking_session_id wait_type                                                    wait_time  
----------------------- ---------- ------------------- ------------------------------------------------------------ -----------
2026-09-19 03:07:35.177         55                  59 LCK_M_X                                                           875057

(1 rows affected)
ts                      session_id blocking_session_id wait_type                                                    wait_time  
----------------------- ---------- ------------------- ------------------------------------------------------------ -----------
2026-09-19 03:07:36.177         55                  59 LCK_M_X                                                           876059

(1 rows affected)
ts                      session_id blocking_session_id wait_type                                                    wait_time  
----------------------- ---------- ------------------- ------------------------------------------------------------ -----------
2026-09-19 03:07:37.180         55                  59 LCK_M_X                                                           877061

(1 rows affected)
ts                      session_id blocking_session_id wait_type                                                    wait_time  
----------------------- ---------- ------------------- ------------------------------------------------------------ -----------
2026-09-19 03:07:38.180         55                  59 LCK_M_X                                                           878063

(1 rows affected)
ts                      session_id blocking_session_id wait_type                                                    wait_time  
----------------------- ---------- ------------------- ------------------------------------------------------------ -----------
2026-09-19 03:07:39.180         55                  59 LCK_M_X                                                           879065

(1 rows affected)
ts                      session_id blocking_session_id wait_type                                                    wait_time  
----------------------- ---------- ------------------- ------------------------------------------------------------ -----------
2026-09-19 03:07:40.183         55                  59 LCK_M_X                                                           880067

(1 rows affected)
ts                      session_id blocking_session_id wait_type                                                    wait_time  
----------------------- ---------- ------------------- ------------------------------------------------------------ -----------
2026-09-19 03:07:41.187         55                  59 LCK_M_X                                                           881069

(1 rows affected)
ts                      session_id blocking_session_id wait_type                                                    wait_time  
----------------------- ---------- ------------------- ------------------------------------------------------------ -----------
2026-09-19 03:07:42.190         55                  59 LCK_M_X                                                           882071

(1 rows affected)
ts                      session_id blocking_session_id wait_type                                                    wait_time  
----------------------- ---------- ------------------- ------------------------------------------------------------ -----------
2026-09-19 03:07:43.193         55                  59 LCK_M_X                                                           883073

(1 rows affected)
ts                      session_id blocking_session_id wait_type                                                    wait_time  
----------------------- ---------- ------------------- ------------------------------------------------------------ -----------
2026-09-19 03:07:44.193         55                  59 LCK_M_X                                                           884075

(1 rows affected)
ts                      session_id blocking_session_id wait_type                                                    wait_time  
----------------------- ---------- ------------------- ------------------------------------------------------------ -----------
2026-09-19 03:07:45.193         55                  59 LCK_M_X                                                           885077

(1 rows affected)
ts                      session_id blocking_session_id wait_type                                                    wait_time  
----------------------- ---------- ------------------- ------------------------------------------------------------ -----------
2026-09-19 03:07:46.197         55                  59 LCK_M_X                                                           886079

(1 rows affected)
ts                      session_id blocking_session_id wait_type                                                    wait_time  
----------------------- ---------- ------------------- ------------------------------------------------------------ -----------
2026-09-19 03:07:47.200         55                  59 LCK_M_X                                                           887081

(1 rows affected)
ts                      session_id blocking_session_id wait_type                                                    wait_time  
----------------------- ---------- ------------------- ------------------------------------------------------------ -----------
2026-09-19 03:07:48.200         55                  59 LCK_M_X                                                           888083

(1 rows affected)
ts                      session_id blocking_session_id wait_type                                                    wait_time  
----------------------- ---------- ------------------- ------------------------------------------------------------ -----------
2026-09-19 03:07:49.203         55                  59 LCK_M_X                                                           889085

(1 rows affected)
ts                      session_id blocking_session_id wait_type                                                    wait_time  
----------------------- ---------- ------------------- ------------------------------------------------------------ -----------
2026-09-19 03:07:50.207         55                  59 LCK_M_X                                                           890087

(1 rows affected)
ts                      session_id blocking_session_id wait_type                                                    wait_time  
----------------------- ---------- ------------------- ------------------------------------------------------------ -----------
2026-09-19 03:07:51.207         55                  59 LCK_M_X                                                           891089

(1 rows affected)
ts                      session_id blocking_session_id wait_type                                                    wait_time  
----------------------- ---------- ------------------- ------------------------------------------------------------ -----------
2026-09-19 03:07:52.210         55                  59 LCK_M_X                                                           892091

(1 rows affected)
ts                      session_id blocking_session_id wait_type                                                    wait_time  
----------------------- ---------- ------------------- ------------------------------------------------------------ -----------
2026-09-19 03:07:53.210         55                  59 LCK_M_X                                                           893093

(1 rows affected)
ts                      session_id blocking_session_id wait_type                                                    wait_time  
----------------------- ---------- ------------------- ------------------------------------------------------------ -----------
2026-09-19 03:07:54.213         55                  59 LCK_M_X                                                           894096

(1 rows affected)
ts                      session_id blocking_session_id wait_type                                                    wait_time  
----------------------- ---------- ------------------- ------------------------------------------------------------ -----------
2026-09-19 03:07:55.217         55                  59 LCK_M_X                                                           895097

(1 rows affected)
ts                      session_id blocking_session_id wait_type                                                    wait_time  
----------------------- ---------- ------------------- ------------------------------------------------------------ -----------
2026-09-19 03:07:56.217         55                  59 LCK_M_X                                                           896100

(1 rows affected)
ts                      session_id blocking_session_id wait_type                                                    wait_time  
----------------------- ---------- ------------------- ------------------------------------------------------------ -----------
2026-09-19 03:07:57.220         55                  59 LCK_M_X                                                           897102

(1 rows affected)
ts                      session_id blocking_session_id wait_type                                                    wait_time  
----------------------- ---------- ------------------- ------------------------------------------------------------ -----------
2026-09-19 03:07:58.223         55                  59 LCK_M_X                                                           898104

(1 rows affected)
ts                      session_id blocking_session_id wait_type                                                    wait_time  
----------------------- ---------- ------------------- ------------------------------------------------------------ -----------
2026-09-19 03:07:59.220         55                  59 LCK_M_X                                                           899106

(1 rows affected)
ts                      session_id blocking_session_id wait_type                                                    wait_time  
----------------------- ---------- ------------------- ------------------------------------------------------------ -----------
2026-09-19 03:08:00.223         55                  59 LCK_M_X                                                           900108

(1 rows affected)
ts                      session_id blocking_session_id wait_type                                                    wait_time  
----------------------- ---------- ------------------- ------------------------------------------------------------ -----------
2026-09-19 03:08:01.227         55                  59 LCK_M_X                                                           901110

(1 rows affected)
ts                      session_id blocking_session_id wait_type                                                    wait_time  
----------------------- ---------- ------------------- ------------------------------------------------------------ -----------
2026-09-19 03:08:02.230         55                  59 LCK_M_X                                                           902112

(1 rows affected)
ts                      session_id blocking_session_id wait_type                                                    wait_time  
----------------------- ---------- ------------------- ------------------------------------------------------------ -----------
2026-09-19 03:08:03.233         55                  59 LCK_M_X                                                           903114

(1 rows affected)
ts                      session_id blocking_session_id wait_type                                                    wait_time  
----------------------- ---------- ------------------- ------------------------------------------------------------ -----------
2026-09-19 03:08:04.233         55                  59 LCK_M_X                                                           904116

(1 rows affected)
ts                      session_id blocking_session_id wait_type                                                    wait_time  
----------------------- ---------- ------------------- ------------------------------------------------------------ -----------
2026-09-19 03:08:05.237         55                  59 LCK_M_X                                                           905118

(1 rows affected)
ts                      session_id blocking_session_id wait_type                                                    wait_time  
----------------------- ---------- ------------------- ------------------------------------------------------------ -----------
2026-09-19 03:08:06.240         55                  59 LCK_M_X                                                           906120

(1 rows affected)
ts                      session_id blocking_session_id wait_type                                                    wait_time  
----------------------- ---------- ------------------- ------------------------------------------------------------ -----------
2026-09-19 03:08:07.240         55                  59 LCK_M_X                                                           907122

(1 rows affected)
ts                      session_id blocking_session_id wait_type                                                    wait_time  
----------------------- ---------- ------------------- ------------------------------------------------------------ -----------
2026-09-19 03:08:08.240         55                  59 LCK_M_X                                                           908124

(1 rows affected)
ts                      session_id blocking_session_id wait_type                                                    wait_time  
----------------------- ---------- ------------------- ------------------------------------------------------------ -----------
2026-09-19 03:08:09.243         55                  59 LCK_M_X                                                           909126

(1 rows affected)
ts                      session_id blocking_session_id wait_type                                                    wait_time  
----------------------- ---------- ------------------- ------------------------------------------------------------ -----------
2026-09-19 03:08:10.247         55                  59 LCK_M_X                                                           910128

(1 rows affected)
ts                      session_id blocking_session_id wait_type                                                    wait_time  
----------------------- ---------- ------------------- ------------------------------------------------------------ -----------
2026-09-19 03:08:11.247         55                  59 LCK_M_X                                                           911130

(1 rows affected)
ts                      session_id blocking_session_id wait_type                                                    wait_time  
----------------------- ---------- ------------------- ------------------------------------------------------------ -----------
2026-09-19 03:08:12.250         55                  59 LCK_M_X                                                           912132

(1 rows affected)
ts                      session_id blocking_session_id wait_type                                                    wait_time  
----------------------- ---------- ------------------- ------------------------------------------------------------ -----------
2026-09-19 03:08:13.253         55                  59 LCK_M_X                                                           913134

(1 rows affected)
ts                      session_id blocking_session_id wait_type                                                    wait_time  
----------------------- ---------- ------------------- ------------------------------------------------------------ -----------
2026-09-19 03:08:14.257         55                  59 LCK_M_X                                                           914136

(1 rows affected)
ts                      session_id blocking_session_id wait_type                                                    wait_time  
----------------------- ---------- ------------------- ------------------------------------------------------------ -----------
2026-09-19 03:08:15.253         55                  59 LCK_M_X                                                           915138

(1 rows affected)
ts                      session_id blocking_session_id wait_type                                                    wait_time  
----------------------- ---------- ------------------- ------------------------------------------------------------ -----------
2026-09-19 03:08:16.257         55                  59 LCK_M_X                                                           916140

(1 rows affected)
ts                      session_id blocking_session_id wait_type                                                    wait_time  
----------------------- ---------- ------------------- ------------------------------------------------------------ -----------
2026-09-19 03:08:17.260         55                  59 LCK_M_X                                                           917142

(1 rows affected)
ts                      session_id blocking_session_id wait_type                                                    wait_time  
----------------------- ---------- ------------------- ------------------------------------------------------------ -----------
2026-09-19 03:08:18.263         55                  59 LCK_M_X                                                           918144

(1 rows affected)
ts                      session_id blocking_session_id wait_type                                                    wait_time  
----------------------- ---------- ------------------- ------------------------------------------------------------ -----------
2026-09-19 03:08:19.267         55                  59 LCK_M_X                                                           919146

(1 rows affected)
ts                      session_id blocking_session_id wait_type                                                    wait_time  
----------------------- ---------- ------------------- ------------------------------------------------------------ -----------
2026-09-19 03:08:20.263         55                  59 LCK_M_X                                                           920149

(1 rows affected)
ts                      session_id blocking_session_id wait_type                                                    wait_time  
----------------------- ---------- ------------------- ------------------------------------------------------------ -----------
2026-09-19 03:08:21.267         55                  59 LCK_M_X                                                           921151

(1 rows affected)
ts                      session_id blocking_session_id wait_type                                                    wait_time  
----------------------- ---------- ------------------- ------------------------------------------------------------ -----------
2026-09-19 03:08:22.270         55                  59 LCK_M_X                                                           922153

(1 rows affected)
ts                      session_id blocking_session_id wait_type                                                    wait_time  
----------------------- ---------- ------------------- ------------------------------------------------------------ -----------
2026-09-19 03:08:23.270         55                  59 LCK_M_X                                                           923154

(1 rows affected)
ts                      session_id blocking_session_id wait_type                                                    wait_time  
----------------------- ---------- ------------------- ------------------------------------------------------------ -----------
2026-09-19 03:08:24.273         55                  59 LCK_M_X                                                           924156

(1 rows affected)
ts                      session_id blocking_session_id wait_type                                                    wait_time  
----------------------- ---------- ------------------- ------------------------------------------------------------ -----------
2026-09-19 03:08:25.277         55                  59 LCK_M_X                                                           925158

(1 rows affected)
ts                      session_id blocking_session_id wait_type                                                    wait_time  
----------------------- ---------- ------------------- ------------------------------------------------------------ -----------
2026-09-19 03:08:26.280         55                  59 LCK_M_X                                                           926160

(1 rows affected)
ts                      session_id blocking_session_id wait_type                                                    wait_time  
----------------------- ---------- ------------------- ------------------------------------------------------------ -----------
2026-09-19 03:08:27.280         55                  59 LCK_M_X                                                           927162

(1 rows affected)
ts                      session_id blocking_session_id wait_type                                                    wait_time  
----------------------- ---------- ------------------- ------------------------------------------------------------ -----------
2026-09-19 03:08:28.280         55                  59 LCK_M_X                                                           928164

(1 rows affected)
ts                      session_id blocking_session_id wait_type                                                    wait_time  
----------------------- ---------- ------------------- ------------------------------------------------------------ -----------
2026-09-19 03:08:29.280         55                  59 LCK_M_X                                                           929166

(1 rows affected)
ts                      session_id blocking_session_id wait_type                                                    wait_time  
----------------------- ---------- ------------------- ------------------------------------------------------------ -----------
2026-09-19 03:08:30.283         55                  59 LCK_M_X                                                           930168

(1 rows affected)
ts                      session_id blocking_session_id wait_type                                                    wait_time  
----------------------- ---------- ------------------- ------------------------------------------------------------ -----------
2026-09-19 03:08:31.287         55                  59 LCK_M_X                                                           931170

(1 rows affected)
ts                      session_id blocking_session_id wait_type                                                    wait_time  
----------------------- ---------- ------------------- ------------------------------------------------------------ -----------
2026-09-19 03:08:32.290         55                  59 LCK_M_X                                                           932173

(1 rows affected)
ts                      session_id blocking_session_id wait_type                                                    wait_time  
----------------------- ---------- ------------------- ------------------------------------------------------------ -----------
2026-09-19 03:08:33.293         55                  59 LCK_M_X                                                           933175

(1 rows affected)
ts                      session_id blocking_session_id wait_type                                                    wait_time  
----------------------- ---------- ------------------- ------------------------------------------------------------ -----------
2026-09-19 03:08:34.297         55                  59 LCK_M_X                                                           934177

(1 rows affected)
ts                      session_id blocking_session_id wait_type                                                    wait_time  
----------------------- ---------- ------------------- ------------------------------------------------------------ -----------
2026-09-19 03:08:35.300         55                  59 LCK_M_X                                                           935179

(1 rows affected)
ts                      session_id blocking_session_id wait_type                                                    wait_time  
----------------------- ---------- ------------------- ------------------------------------------------------------ -----------
2026-09-19 03:08:36.297         55                  59 LCK_M_X                                                           936181

(1 rows affected)
ts                      session_id blocking_session_id wait_type                                                    wait_time  
----------------------- ---------- ------------------- ------------------------------------------------------------ -----------
2026-09-19 03:08:37.300         55                  59 LCK_M_X                                                           937183

(1 rows affected)
ts                      session_id blocking_session_id wait_type                                                    wait_time  
----------------------- ---------- ------------------- ------------------------------------------------------------ -----------
2026-09-19 03:08:38.303         55                  59 LCK_M_X                                                           938185

(1 rows affected)
ts                      session_id blocking_session_id wait_type                                                    wait_time  
----------------------- ---------- ------------------- ------------------------------------------------------------ -----------
2026-09-19 03:08:39.303         55                  59 LCK_M_X                                                           939187

(1 rows affected)
ts                      session_id blocking_session_id wait_type                                                    wait_time  
----------------------- ---------- ------------------- ------------------------------------------------------------ -----------
2026-09-19 03:08:40.307         55                  59 LCK_M_X                                                           940189

(1 rows affected)
ts                      session_id blocking_session_id wait_type                                                    wait_time  
----------------------- ---------- ------------------- ------------------------------------------------------------ -----------
2026-09-19 03:08:41.310         55                  59 LCK_M_X                                                           941191

(1 rows affected)
ts                      session_id blocking_session_id wait_type                                                    wait_time  
----------------------- ---------- ------------------- ------------------------------------------------------------ -----------
2026-09-19 03:08:42.310         55                  59 LCK_M_X                                                           942193

(1 rows affected)
ts                      session_id blocking_session_id wait_type                                                    wait_time  
----------------------- ---------- ------------------- ------------------------------------------------------------ -----------
2026-09-19 03:08:43.310         55                  59 LCK_M_X                                                           943194

(1 rows affected)
ts                      session_id blocking_session_id wait_type                                                    wait_time  
----------------------- ---------- ------------------- ------------------------------------------------------------ -----------
2026-09-19 03:08:44.313         55                  59 LCK_M_X                                                           944196

(1 rows affected)
ts                      session_id blocking_session_id wait_type                                                    wait_time  
----------------------- ---------- ------------------- ------------------------------------------------------------ -----------
2026-09-19 03:08:45.317         55                  59 LCK_M_X                                                           945198

(1 rows affected)
ts                      session_id blocking_session_id wait_type                                                    wait_time  
----------------------- ---------- ------------------- ------------------------------------------------------------ -----------
2026-09-19 03:08:46.320         55                  59 LCK_M_X                                                           946200

(1 rows affected)
ts                      session_id blocking_session_id wait_type                                                    wait_time  
----------------------- ---------- ------------------- ------------------------------------------------------------ -----------
2026-09-19 03:08:47.320         55                  59 LCK_M_X                                                           947202

(1 rows affected)
ts                      session_id blocking_session_id wait_type                                                    wait_time  
----------------------- ---------- ------------------- ------------------------------------------------------------ -----------
2026-09-19 03:08:48.323         55                  59 LCK_M_X                                                           948204

(1 rows affected)
ts                      session_id blocking_session_id wait_type                                                    wait_time  
----------------------- ---------- ------------------- ------------------------------------------------------------ -----------
2026-09-19 03:08:49.327         55                  59 LCK_M_X                                                           949206

(1 rows affected)
ts                      session_id blocking_session_id wait_type                                                    wait_time  
----------------------- ---------- ------------------- ------------------------------------------------------------ -----------
2026-09-19 03:08:50.323         55                  59 LCK_M_X                                                           950208

(1 rows affected)
ts                      session_id blocking_session_id wait_type                                                    wait_time  
----------------------- ---------- ------------------- ------------------------------------------------------------ -----------
2026-09-19 03:08:51.327         55                  59 LCK_M_X                                                           951210

(1 rows affected)
ts                      session_id blocking_session_id wait_type                                                    wait_time  
----------------------- ---------- ------------------- ------------------------------------------------------------ -----------
2026-09-19 03:08:52.330         55                  59 LCK_M_X                                                           952213

(1 rows affected)
ts                      session_id blocking_session_id wait_type                                                    wait_time  
----------------------- ---------- ------------------- ------------------------------------------------------------ -----------
2026-09-19 03:08:53.333         55                  59 LCK_M_X                                                           953215

(1 rows affected)
ts                      session_id blocking_session_id wait_type                                                    wait_time  
----------------------- ---------- ------------------- ------------------------------------------------------------ -----------
2026-09-19 03:08:54.337         55                  59 LCK_M_X                                                           954217

(1 rows affected)
ts                      session_id blocking_session_id wait_type                                                    wait_time  
----------------------- ---------- ------------------- ------------------------------------------------------------ -----------
2026-09-19 03:08:55.333         55                  59 LCK_M_X                                                           955219

(1 rows affected)
ts                      session_id blocking_session_id wait_type                                                    wait_time  
----------------------- ---------- ------------------- ------------------------------------------------------------ -----------
2026-09-19 03:08:56.340         55                  59 LCK_M_X                                                           956221

(1 rows affected)
ts                      session_id blocking_session_id wait_type                                                    wait_time  
----------------------- ---------- ------------------- ------------------------------------------------------------ -----------
2026-09-19 03:08:57.340         55                  59 LCK_M_X                                                           957223

(1 rows affected)
ts                      session_id blocking_session_id wait_type                                                    wait_time  
----------------------- ---------- ------------------- ------------------------------------------------------------ -----------
2026-09-19 03:08:58.343         55                  59 LCK_M_X                                                           958224

(1 rows affected)
ts                      session_id blocking_session_id wait_type                                                    wait_time  
----------------------- ---------- ------------------- ------------------------------------------------------------ -----------
2026-09-19 03:08:59.347         55                  59 LCK_M_X                                                           959226

(1 rows affected)
ts                      session_id blocking_session_id wait_type                                                    wait_time  
----------------------- ---------- ------------------- ------------------------------------------------------------ -----------
2026-09-19 03:09:00.343         55                  59 LCK_M_X                                                           960228

(1 rows affected)
ts                      session_id blocking_session_id wait_type                                                    wait_time  
----------------------- ---------- ------------------- ------------------------------------------------------------ -----------
2026-09-19 03:09:01.347         55                  59 LCK_M_X                                                           961231

(1 rows affected)
ts                      session_id blocking_session_id wait_type                                                    wait_time  
----------------------- ---------- ------------------- ------------------------------------------------------------ -----------
2026-09-19 03:09:02.350         55                  59 LCK_M_X                                                           962233

(1 rows affected)
ts                      session_id blocking_session_id wait_type                                                    wait_time  
----------------------- ---------- ------------------- ------------------------------------------------------------ -----------
2026-09-19 03:09:03.353         55                  59 LCK_M_X                                                           963234

(1 rows affected)
ts                      session_id blocking_session_id wait_type                                                    wait_time  
----------------------- ---------- ------------------- ------------------------------------------------------------ -----------
2026-09-19 03:09:04.353         55                  59 LCK_M_X                                                           964236

(1 rows affected)
ts                      session_id blocking_session_id wait_type                                                    wait_time  
----------------------- ---------- ------------------- ------------------------------------------------------------ -----------
2026-09-19 03:09:05.353         55                  59 LCK_M_X                                                           965238

(1 rows affected)
ts                      session_id blocking_session_id wait_type                                                    wait_time  
----------------------- ---------- ------------------- ------------------------------------------------------------ -----------
2026-09-19 03:09:06.357         55                  59 LCK_M_X                                                           966240

(1 rows affected)
ts                      session_id blocking_session_id wait_type                                                    wait_time  
----------------------- ---------- ------------------- ------------------------------------------------------------ -----------
2026-09-19 03:09:07.360         55                  59 LCK_M_X                                                           967242

(1 rows affected)
ts                      session_id blocking_session_id wait_type                                                    wait_time  
----------------------- ---------- ------------------- ------------------------------------------------------------ -----------
2026-09-19 03:09:08.363         55                  59 LCK_M_X                                                           968245

(1 rows affected)
ts                      session_id blocking_session_id wait_type                                                    wait_time  
----------------------- ---------- ------------------- ------------------------------------------------------------ -----------
2026-09-19 03:09:09.363         55                  59 LCK_M_X                                                           969247

(1 rows affected)
ts                      session_id blocking_session_id wait_type                                                    wait_time  
----------------------- ---------- ------------------- ------------------------------------------------------------ -----------
2026-09-19 03:09:10.367         55                  59 LCK_M_X                                                           970249

(1 rows affected)
ts                      session_id blocking_session_id wait_type                                                    wait_time  
----------------------- ---------- ------------------- ------------------------------------------------------------ -----------
2026-09-19 03:09:11.370         55                  59 LCK_M_X                                                           971251

(1 rows affected)
ts                      session_id blocking_session_id wait_type                                                    wait_time  
----------------------- ---------- ------------------- ------------------------------------------------------------ -----------
2026-09-19 03:09:12.370         55                  59 LCK_M_X                                                           972253

(1 rows affected)
ts                      session_id blocking_session_id wait_type                                                    wait_time  
----------------------- ---------- ------------------- ------------------------------------------------------------ -----------
2026-09-19 03:09:13.370         55                  59 LCK_M_X                                                           973254

(1 rows affected)
ts                      session_id blocking_session_id wait_type                                                    wait_time  
----------------------- ---------- ------------------- ------------------------------------------------------------ -----------
2026-09-19 03:09:14.373         55                  59 LCK_M_X                                                           974256

(1 rows affected)
ts                      session_id blocking_session_id wait_type                                                    wait_time  
----------------------- ---------- ------------------- ------------------------------------------------------------ -----------
2026-09-19 03:09:15.377         55                  59 LCK_M_X                                                           975258

(1 rows affected)
ts                      session_id blocking_session_id wait_type                                                    wait_time  
----------------------- ---------- ------------------- ------------------------------------------------------------ -----------
2026-09-19 03:09:16.380         55                  59 LCK_M_X                                                           976260

(1 rows affected)
ts                      session_id blocking_session_id wait_type                                                    wait_time  
----------------------- ---------- ------------------- ------------------------------------------------------------ -----------
2026-09-19 03:09:17.380         55                  59 LCK_M_X                                                           977262

(1 rows affected)
ts                      session_id blocking_session_id wait_type                                                    wait_time  
----------------------- ---------- ------------------- ------------------------------------------------------------ -----------
2026-09-19 03:09:18.383         55                  59 LCK_M_X                                                           978265

(1 rows affected)
ts                      session_id blocking_session_id wait_type                                                    wait_time  
----------------------- ---------- ------------------- ------------------------------------------------------------ -----------
2026-09-19 03:09:19.383         55                  59 LCK_M_X                                                           979267

(1 rows affected)
ts                      session_id blocking_session_id wait_type                                                    wait_time  
----------------------- ---------- ------------------- ------------------------------------------------------------ -----------
2026-09-19 03:09:20.387         55                  59 LCK_M_X                                                           980269

(1 rows affected)
ts                      session_id blocking_session_id wait_type                                                    wait_time  
----------------------- ---------- ------------------- ------------------------------------------------------------ -----------
2026-09-19 03:09:21.390         55                  59 LCK_M_X                                                           981271

(1 rows affected)
ts                      session_id blocking_session_id wait_type                                                    wait_time  
----------------------- ---------- ------------------- ------------------------------------------------------------ -----------
2026-09-19 03:09:22.390         55                  59 LCK_M_X                                                           982273

(1 rows affected)
ts                      session_id blocking_session_id wait_type                                                    wait_time  
----------------------- ---------- ------------------- ------------------------------------------------------------ -----------
2026-09-19 03:09:23.393         55                  59 LCK_M_X                                                           983275

(1 rows affected)
ts                      session_id blocking_session_id wait_type                                                    wait_time  
----------------------- ---------- ------------------- ------------------------------------------------------------ -----------
2026-09-19 03:09:24.393         55                  59 LCK_M_X                                                           984277

(1 rows affected)
ts                      session_id blocking_session_id wait_type                                                    wait_time  
----------------------- ---------- ------------------- ------------------------------------------------------------ -----------
2026-09-19 03:09:25.397         55                  59 LCK_M_X                                                           985279

(1 rows affected)
ts                      session_id blocking_session_id wait_type                                                    wait_time  
----------------------- ---------- ------------------- ------------------------------------------------------------ -----------
2026-09-19 03:09:26.400         55                  59 LCK_M_X                                                           986281

(1 rows affected)
ts                      session_id blocking_session_id wait_type                                                    wait_time  
----------------------- ---------- ------------------- ------------------------------------------------------------ -----------
2026-09-19 03:09:27.400         55                  59 LCK_M_X                                                           987283

(1 rows affected)
ts                      session_id blocking_session_id wait_type                                                    wait_time  
----------------------- ---------- ------------------- ------------------------------------------------------------ -----------
2026-09-19 03:09:28.403         55                  59 LCK_M_X                                                           988285

(1 rows affected)
ts                      session_id blocking_session_id wait_type                                                    wait_time  
----------------------- ---------- ------------------- ------------------------------------------------------------ -----------
2026-09-19 03:09:29.403         55                  59 LCK_M_X                                                           989287

(1 rows affected)
ts                      session_id blocking_session_id wait_type                                                    wait_time  
----------------------- ---------- ------------------- ------------------------------------------------------------ -----------
2026-09-19 03:09:30.407         55                  59 LCK_M_X                                                           990289

(1 rows affected)
ts                      session_id blocking_session_id wait_type                                                    wait_time  
----------------------- ---------- ------------------- ------------------------------------------------------------ -----------
2026-09-19 03:09:31.410         55                  59 LCK_M_X                                                           991291

(1 rows affected)
ts                      session_id blocking_session_id wait_type                                                    wait_time  
----------------------- ---------- ------------------- ------------------------------------------------------------ -----------
2026-09-19 03:09:32.410         55                  59 LCK_M_X                                                           992293

(1 rows affected)
ts                      session_id blocking_session_id wait_type                                                    wait_time  
----------------------- ---------- ------------------- ------------------------------------------------------------ -----------
2026-09-19 03:09:33.413         55                  59 LCK_M_X                                                           993295

(1 rows affected)
ts                      session_id blocking_session_id wait_type                                                    wait_time  
----------------------- ---------- ------------------- ------------------------------------------------------------ -----------
2026-09-19 03:09:34.413         55                  59 LCK_M_X                                                           994297

(1 rows affected)
ts                      session_id blocking_session_id wait_type                                                    wait_time  
----------------------- ---------- ------------------- ------------------------------------------------------------ -----------
2026-09-19 03:09:35.417         55                  59 LCK_M_X                                                           995299

(1 rows affected)
ts                      session_id blocking_session_id wait_type                                                    wait_time  
----------------------- ---------- ------------------- ------------------------------------------------------------ -----------
2026-09-19 03:09:36.420         55                  59 LCK_M_X                                                           996301

(1 rows affected)
ts                      session_id blocking_session_id wait_type                                                    wait_time  
----------------------- ---------- ------------------- ------------------------------------------------------------ -----------
2026-09-19 03:09:37.420         55                  59 LCK_M_X                                                           997303

(1 rows affected)
ts                      session_id blocking_session_id wait_type                                                    wait_time  
----------------------- ---------- ------------------- ------------------------------------------------------------ -----------
2026-09-19 03:09:38.423         55                  59 LCK_M_X                                                           998305

(1 rows affected)
ts                      session_id blocking_session_id wait_type                                                    wait_time  
----------------------- ---------- ------------------- ------------------------------------------------------------ -----------
2026-09-19 03:09:39.427         55                  59 LCK_M_X                                                           999306

(1 rows affected)
ts                      session_id blocking_session_id wait_type                                                    wait_time  
----------------------- ---------- ------------------- ------------------------------------------------------------ -----------
2026-09-19 03:09:40.423         55                  59 LCK_M_X                                                          1000308

(1 rows affected)
ts                      session_id blocking_session_id wait_type                                                    wait_time  
----------------------- ---------- ------------------- ------------------------------------------------------------ -----------
2026-09-19 03:09:41.427         55                  59 LCK_M_X                                                          1001310

(1 rows affected)
ts                      session_id blocking_session_id wait_type                                                    wait_time  
----------------------- ---------- ------------------- ------------------------------------------------------------ -----------
2026-09-19 03:09:42.430         55                  59 LCK_M_X                                                          1002312

(1 rows affected)
ts                      session_id blocking_session_id wait_type                                                    wait_time  
----------------------- ---------- ------------------- ------------------------------------------------------------ -----------
2026-09-19 03:09:43.430         55                  59 LCK_M_X                                                          1003314

(1 rows affected)
ts                      session_id blocking_session_id wait_type                                                    wait_time  
----------------------- ---------- ------------------- ------------------------------------------------------------ -----------
2026-09-19 03:09:44.433         55                  59 LCK_M_X                                                          1004316

(1 rows affected)
ts                      session_id blocking_session_id wait_type                                                    wait_time  
----------------------- ---------- ------------------- ------------------------------------------------------------ -----------
2026-09-19 03:09:45.437         55                  59 LCK_M_X                                                          1005318

(1 rows affected)
ts                      session_id blocking_session_id wait_type                                                    wait_time  
----------------------- ---------- ------------------- ------------------------------------------------------------ -----------
2026-09-19 03:09:46.437         55                  59 LCK_M_X                                                          1006320

(1 rows affected)
ts                      session_id blocking_session_id wait_type                                                    wait_time  
----------------------- ---------- ------------------- ------------------------------------------------------------ -----------
2026-09-19 03:09:47.440         55                  59 LCK_M_X                                                          1007322

(1 rows affected)
ts                      session_id blocking_session_id wait_type                                                    wait_time  
----------------------- ---------- ------------------- ------------------------------------------------------------ -----------
2026-09-19 03:09:48.440         55                  59 LCK_M_X                                                          1008324

(1 rows affected)
ts                      session_id blocking_session_id wait_type                                                    wait_time  
----------------------- ---------- ------------------- ------------------------------------------------------------ -----------
2026-09-19 03:09:49.443         55                  59 LCK_M_X                                                          1009326

(1 rows affected)
ts                      session_id blocking_session_id wait_type                                                    wait_time  
----------------------- ---------- ------------------- ------------------------------------------------------------ -----------
2026-09-19 03:09:50.447         55                  59 LCK_M_X                                                          1010328

(1 rows affected)
ts                      session_id blocking_session_id wait_type                                                    wait_time  
----------------------- ---------- ------------------- ------------------------------------------------------------ -----------
2026-09-19 03:09:51.447         55                  59 LCK_M_X                                                          1011331

(1 rows affected)
ts                      session_id blocking_session_id wait_type                                                    wait_time  
----------------------- ---------- ------------------- ------------------------------------------------------------ -----------
2026-09-19 03:09:52.453         55                  59 LCK_M_X                                                          1012333

(1 rows affected)
ts                      session_id blocking_session_id wait_type                                                    wait_time  
----------------------- ---------- ------------------- ------------------------------------------------------------ -----------
2026-09-19 03:09:53.450         55                  59 LCK_M_X                                                          1013335

(1 rows affected)
ts                      session_id blocking_session_id wait_type                                                    wait_time  
----------------------- ---------- ------------------- ------------------------------------------------------------ -----------
2026-09-19 03:09:54.453         55                  59 LCK_M_X                                                          1014337

(1 rows affected)
ts                      session_id blocking_session_id wait_type                                                    wait_time  
----------------------- ---------- ------------------- ------------------------------------------------------------ -----------
2026-09-19 03:09:55.457         55                  59 LCK_M_X                                                          1015339

(1 rows affected)
ts                      session_id blocking_session_id wait_type                                                    wait_time  
----------------------- ---------- ------------------- ------------------------------------------------------------ -----------
2026-09-19 03:09:56.460         55                  59 LCK_M_X                                                          1016340

(1 rows affected)
ts                      session_id blocking_session_id wait_type                                                    wait_time  
----------------------- ---------- ------------------- ------------------------------------------------------------ -----------
2026-09-19 03:09:57.460         55                  59 LCK_M_X                                                          1017342

(1 rows affected)
ts                      session_id blocking_session_id wait_type                                                    wait_time  
----------------------- ---------- ------------------- ------------------------------------------------------------ -----------
2026-09-19 03:09:58.463         55                  59 LCK_M_X                                                          1018344

(1 rows affected)
ts                      session_id blocking_session_id wait_type                                                    wait_time  
----------------------- ---------- ------------------- ------------------------------------------------------------ -----------
2026-09-19 03:09:59.460         55                  59 LCK_M_X                                                          1019346

(1 rows affected)
ts                      session_id blocking_session_id wait_type                                                    wait_time  
----------------------- ---------- ------------------- ------------------------------------------------------------ -----------
2026-09-19 03:10:00.463         55                  59 LCK_M_X                                                          1020348

(1 rows affected)
ts                      session_id blocking_session_id wait_type                                                    wait_time  
----------------------- ---------- ------------------- ------------------------------------------------------------ -----------
2026-09-19 03:10:01.467         55                  59 LCK_M_X                                                          1021350

(1 rows affected)
ts                      session_id blocking_session_id wait_type                                                    wait_time  
----------------------- ---------- ------------------- ------------------------------------------------------------ -----------
2026-09-19 03:10:02.470         55                  59 LCK_M_X                                                          1022352

(1 rows affected)
ts                      session_id blocking_session_id wait_type                                                    wait_time  
----------------------- ---------- ------------------- ------------------------------------------------------------ -----------
2026-09-19 03:10:03.473         55                  59 LCK_M_X                                                          1023354

(1 rows affected)
ts                      session_id blocking_session_id wait_type                                                    wait_time  
----------------------- ---------- ------------------- ------------------------------------------------------------ -----------
2026-09-19 03:10:04.473         55                  59 LCK_M_X                                                          1024356

(1 rows affected)
ts                      session_id blocking_session_id wait_type                                                    wait_time  
----------------------- ---------- ------------------- ------------------------------------------------------------ -----------
2026-09-19 03:10:05.473         55                  59 LCK_M_X                                                          1025358

(1 rows affected)
ts                      session_id blocking_session_id wait_type                                                    wait_time  
----------------------- ---------- ------------------- ------------------------------------------------------------ -----------
2026-09-19 03:10:06.477         55                  59 LCK_M_X                                                          1026360

(1 rows affected)
ts                      session_id blocking_session_id wait_type                                                    wait_time  
----------------------- ---------- ------------------- ------------------------------------------------------------ -----------
2026-09-19 03:10:07.480         55                  59 LCK_M_X                                                          1027362

(1 rows affected)
ts                      session_id blocking_session_id wait_type                                                    wait_time  
----------------------- ---------- ------------------- ------------------------------------------------------------ -----------
2026-09-19 03:10:08.483         55                  59 LCK_M_X                                                          1028365

(1 rows affected)
ts                      session_id blocking_session_id wait_type                                                    wait_time  
----------------------- ---------- ------------------- ------------------------------------------------------------ -----------
2026-09-19 03:10:09.487         55                  59 LCK_M_X                                                          1029367

(1 rows affected)
ts                      session_id blocking_session_id wait_type                                                    wait_time  
----------------------- ---------- ------------------- ------------------------------------------------------------ -----------
2026-09-19 03:10:10.490         55                  59 LCK_M_X                                                          1030369

(1 rows affected)
ts                      session_id blocking_session_id wait_type                                                    wait_time  
----------------------- ---------- ------------------- ------------------------------------------------------------ -----------
2026-09-19 03:10:11.487         55                  59 LCK_M_X                                                          1031371

(1 rows affected)
ts                      session_id blocking_session_id wait_type                                                    wait_time  
----------------------- ---------- ------------------- ------------------------------------------------------------ -----------
2026-09-19 03:10:12.490         55                  59 LCK_M_X                                                          1032373

(1 rows affected)
ts                      session_id blocking_session_id wait_type                                                    wait_time  
----------------------- ---------- ------------------- ------------------------------------------------------------ -----------
2026-09-19 03:10:13.493         55                  59 LCK_M_X                                                          1033375

(1 rows affected)
ts                      session_id blocking_session_id wait_type                                                    wait_time  
----------------------- ---------- ------------------- ------------------------------------------------------------ -----------
2026-09-19 03:10:14.493         55                  59 LCK_M_X                                                          1034377

(1 rows affected)
ts                      session_id blocking_session_id wait_type                                                    wait_time  
----------------------- ---------- ------------------- ------------------------------------------------------------ -----------
2026-09-19 03:10:15.497         55                  59 LCK_M_X                                                          1035379

(1 rows affected)
ts                      session_id blocking_session_id wait_type                                                    wait_time  
----------------------- ---------- ------------------- ------------------------------------------------------------ -----------
2026-09-19 03:10:16.500         55                  59 LCK_M_X                                                          1036381

(1 rows affected)
ts                      session_id blocking_session_id wait_type                                                    wait_time  
----------------------- ---------- ------------------- ------------------------------------------------------------ -----------
2026-09-19 03:10:17.500         55                  59 LCK_M_X                                                          1037384

(1 rows affected)
ts                      session_id blocking_session_id wait_type                                                    wait_time  
----------------------- ---------- ------------------- ------------------------------------------------------------ -----------
2026-09-19 03:10:18.503         55                  59 LCK_M_X                                                          1038386

(1 rows affected)
ts                      session_id blocking_session_id wait_type                                                    wait_time  
----------------------- ---------- ------------------- ------------------------------------------------------------ -----------
2026-09-19 03:10:19.503         55                  59 LCK_M_X                                                          1039388

(1 rows affected)
ts                      session_id blocking_session_id wait_type                                                    wait_time  
----------------------- ---------- ------------------- ------------------------------------------------------------ -----------
2026-09-19 03:10:20.507         55                  59 LCK_M_X                                                          1040390

(1 rows affected)
ts                      session_id blocking_session_id wait_type                                                    wait_time  
----------------------- ---------- ------------------- ------------------------------------------------------------ -----------
2026-09-19 03:10:21.510         55                  59 LCK_M_X                                                          1041392

(1 rows affected)
ts                      session_id blocking_session_id wait_type                                                    wait_time  
----------------------- ---------- ------------------- ------------------------------------------------------------ -----------
2026-09-19 03:10:22.510         55                  59 LCK_M_X                                                          1042394

(1 rows affected)
ts                      session_id blocking_session_id wait_type                                                    wait_time  
----------------------- ---------- ------------------- ------------------------------------------------------------ -----------
2026-09-19 03:10:23.513         55                  59 LCK_M_X                                                          1043396

(1 rows affected)
ts                      session_id blocking_session_id wait_type                                                    wait_time  
----------------------- ---------- ------------------- ------------------------------------------------------------ -----------
2026-09-19 03:10:24.513         55                  59 LCK_M_X                                                          1044398

(1 rows affected)
ts                      session_id blocking_session_id wait_type                                                    wait_time  
----------------------- ---------- ------------------- ------------------------------------------------------------ -----------
2026-09-19 03:10:25.517         55                  59 LCK_M_X                                                          1045400

(1 rows affected)
ts                      session_id blocking_session_id wait_type                                                    wait_time  
----------------------- ---------- ------------------- ------------------------------------------------------------ -----------
2026-09-19 03:10:26.520         55                  59 LCK_M_X                                                          1046402

(1 rows affected)
ts                      session_id blocking_session_id wait_type                                                    wait_time  
----------------------- ---------- ------------------- ------------------------------------------------------------ -----------
2026-09-19 03:10:27.523         55                  59 LCK_M_X                                                          1047404

(1 rows affected)
ts                      session_id blocking_session_id wait_type                                                    wait_time  
----------------------- ---------- ------------------- ------------------------------------------------------------ -----------
2026-09-19 03:10:28.520         55                  59 LCK_M_X                                                          1048406

(1 rows affected)
ts                      session_id blocking_session_id wait_type                                                    wait_time  
----------------------- ---------- ------------------- ------------------------------------------------------------ -----------
2026-09-19 03:10:29.523         55                  59 LCK_M_X                                                          1049408

(1 rows affected)
ts                      session_id blocking_session_id wait_type                                                    wait_time  
----------------------- ---------- ------------------- ------------------------------------------------------------ -----------
2026-09-19 03:10:30.527         55                  59 LCK_M_X                                                          1050410

(1 rows affected)
ts                      session_id blocking_session_id wait_type                                                    wait_time  
----------------------- ---------- ------------------- ------------------------------------------------------------ -----------
2026-09-19 03:10:31.530         55                  59 LCK_M_X                                                          1051412

(1 rows affected)
ts                      session_id blocking_session_id wait_type                                                    wait_time  
----------------------- ---------- ------------------- ------------------------------------------------------------ -----------
2026-09-19 03:10:32.533         55                  59 LCK_M_X                                                          1052414

(1 rows affected)
ts                      session_id blocking_session_id wait_type                                                    wait_time  
----------------------- ---------- ------------------- ------------------------------------------------------------ -----------
2026-09-19 03:10:33.537         55                  59 LCK_M_X                                                          1053416

(1 rows affected)
ts                      session_id blocking_session_id wait_type                                                    wait_time  
----------------------- ---------- ------------------- ------------------------------------------------------------ -----------
2026-09-19 03:10:34.537         55                  59 LCK_M_X                                                          1054419

(1 rows affected)
ts                      session_id blocking_session_id wait_type                                                    wait_time  
----------------------- ---------- ------------------- ------------------------------------------------------------ -----------
2026-09-19 03:10:35.540         55                  59 LCK_M_X                                                          1055420

(1 rows affected)
ts                      session_id blocking_session_id wait_type                                                    wait_time  
----------------------- ---------- ------------------- ------------------------------------------------------------ -----------
2026-09-19 03:10:36.540         55                  59 LCK_M_X                                                          1056423

(1 rows affected)
ts                      session_id blocking_session_id wait_type                                                    wait_time  
----------------------- ---------- ------------------- ------------------------------------------------------------ -----------
2026-09-19 03:10:37.540         55                  59 LCK_M_X                                                          1057425

(1 rows affected)
ts                      session_id blocking_session_id wait_type                                                    wait_time  
----------------------- ---------- ------------------- ------------------------------------------------------------ -----------
2026-09-19 03:10:38.543         55                  59 LCK_M_X                                                          1058427

(1 rows affected)
ts                      session_id blocking_session_id wait_type                                                    wait_time  
----------------------- ---------- ------------------- ------------------------------------------------------------ -----------
2026-09-19 03:10:39.547         55                  59 LCK_M_X                                                          1059429

(1 rows affected)
ts                      session_id blocking_session_id wait_type                                                    wait_time  
----------------------- ---------- ------------------- ------------------------------------------------------------ -----------
2026-09-19 03:10:40.550         55                  59 LCK_M_X                                                          1060431

(1 rows affected)
ts                      session_id blocking_session_id wait_type                                                    wait_time  
----------------------- ---------- ------------------- ------------------------------------------------------------ -----------
2026-09-19 03:10:41.550         55                  59 LCK_M_X                                                          1061433

(1 rows affected)
ts                      session_id blocking_session_id wait_type                                                    wait_time  
----------------------- ---------- ------------------- ------------------------------------------------------------ -----------
2026-09-19 03:10:42.553         55                  59 LCK_M_X                                                          1062435

(1 rows affected)
ts                      session_id blocking_session_id wait_type                                                    wait_time  
----------------------- ---------- ------------------- ------------------------------------------------------------ -----------
2026-09-19 03:10:43.557         55                  59 LCK_M_X                                                          1063437

(1 rows affected)
ts                      session_id blocking_session_id wait_type                                                    wait_time  
----------------------- ---------- ------------------- ------------------------------------------------------------ -----------
2026-09-19 03:10:44.560         55                  59 LCK_M_X                                                          1064439

(1 rows affected)
ts                      session_id blocking_session_id wait_type                                                    wait_time  
----------------------- ---------- ------------------- ------------------------------------------------------------ -----------
2026-09-19 03:10:45.560         55                  59 LCK_M_X                                                          1065441

(1 rows affected)
ts                      session_id blocking_session_id wait_type                                                    wait_time  
----------------------- ---------- ------------------- ------------------------------------------------------------ -----------
2026-09-19 03:10:46.560         55                  59 LCK_M_X                                                          1066444

(1 rows affected)
ts                      session_id blocking_session_id wait_type                                                    wait_time  
----------------------- ---------- ------------------- ------------------------------------------------------------ -----------
2026-09-19 03:10:47.563         55                  59 LCK_M_X                                                          1067446

(1 rows affected)
ts                      session_id blocking_session_id wait_type                                                    wait_time  
----------------------- ---------- ------------------- ------------------------------------------------------------ -----------
2026-09-19 03:10:48.567         55                  59 LCK_M_X                                                          1068448

(1 rows affected)
ts                      session_id blocking_session_id wait_type                                                    wait_time  
----------------------- ---------- ------------------- ------------------------------------------------------------ -----------
2026-09-19 03:10:49.567         55                  59 LCK_M_X                                                          1069450

(1 rows affected)
ts                      session_id blocking_session_id wait_type                                                    wait_time  
----------------------- ---------- ------------------- ------------------------------------------------------------ -----------
2026-09-19 03:10:50.570         55                  59 LCK_M_X                                                          1070452

(1 rows affected)
ts                      session_id blocking_session_id wait_type                                                    wait_time  
----------------------- ---------- ------------------- ------------------------------------------------------------ -----------
2026-09-19 03:10:51.570         55                  59 LCK_M_X                                                          1071454

(1 rows affected)
ts                      session_id blocking_session_id wait_type                                                    wait_time  
----------------------- ---------- ------------------- ------------------------------------------------------------ -----------
2026-09-19 03:10:52.570         55                  59 LCK_M_X                                                          1072456

(1 rows affected)
ts                      session_id blocking_session_id wait_type                                                    wait_time  
----------------------- ---------- ------------------- ------------------------------------------------------------ -----------
2026-09-19 03:10:53.577         55                  59 LCK_M_X                                                          1073458

(1 rows affected)
ts                      session_id blocking_session_id wait_type                                                    wait_time  
----------------------- ---------- ------------------- ------------------------------------------------------------ -----------
2026-09-19 03:10:54.580         55                  59 LCK_M_X                                                          1074460

(1 rows affected)
ts                      session_id blocking_session_id wait_type                                                    wait_time  
----------------------- ---------- ------------------- ------------------------------------------------------------ -----------
2026-09-19 03:10:55.580         55                  59 LCK_M_X                                                          1075462

(1 rows affected)
ts                      session_id blocking_session_id wait_type                                                    wait_time  
----------------------- ---------- ------------------- ------------------------------------------------------------ -----------
2026-09-19 03:10:56.580         55                  59 LCK_M_X                                                          1076464

(1 rows affected)
ts                      session_id blocking_session_id wait_type                                                    wait_time  
----------------------- ---------- ------------------- ------------------------------------------------------------ -----------
2026-09-19 03:10:57.583         55                  59 LCK_M_X                                                          1077466

(1 rows affected)
ts                      session_id blocking_session_id wait_type                                                    wait_time  
----------------------- ---------- ------------------- ------------------------------------------------------------ -----------
2026-09-19 03:10:58.583         55                  59 LCK_M_X                                                          1078468

(1 rows affected)
ts                      session_id blocking_session_id wait_type                                                    wait_time  
----------------------- ---------- ------------------- ------------------------------------------------------------ -----------
2026-09-19 03:10:59.587         55                  59 LCK_M_X                                                          1079470

(1 rows affected)
ts                      session_id blocking_session_id wait_type                                                    wait_time  
----------------------- ---------- ------------------- ------------------------------------------------------------ -----------
2026-09-19 03:11:00.590         55                  59 LCK_M_X                                                          1080472

(1 rows affected)
ts                      session_id blocking_session_id wait_type                                                    wait_time  
----------------------- ---------- ------------------- ------------------------------------------------------------ -----------
2026-09-19 03:11:01.590         55                  59 LCK_M_X                                                          1081474

(1 rows affected)
ts                      session_id blocking_session_id wait_type                                                    wait_time  
----------------------- ---------- ------------------- ------------------------------------------------------------ -----------
2026-09-19 03:11:02.593         55                  59 LCK_M_X                                                          1082476

(1 rows affected)
ts                      session_id blocking_session_id wait_type                                                    wait_time  
----------------------- ---------- ------------------- ------------------------------------------------------------ -----------
2026-09-19 03:11:03.593         55                  59 LCK_M_X                                                          1083478

(1 rows affected)
ts                      session_id blocking_session_id wait_type                                                    wait_time  
----------------------- ---------- ------------------- ------------------------------------------------------------ -----------
2026-09-19 03:11:04.600         55                  59 LCK_M_X                                                          1084480

(1 rows affected)
ts                      session_id blocking_session_id wait_type                                                    wait_time  
----------------------- ---------- ------------------- ------------------------------------------------------------ -----------
2026-09-19 03:11:05.600         55                  59 LCK_M_X                                                          1085482

(1 rows affected)
ts                      session_id blocking_session_id wait_type                                                    wait_time  
----------------------- ---------- ------------------- ------------------------------------------------------------ -----------
2026-09-19 03:11:06.603         55                  59 LCK_M_X                                                          1086484

(1 rows affected)
ts                      session_id blocking_session_id wait_type                                                    wait_time  
----------------------- ---------- ------------------- ------------------------------------------------------------ -----------
2026-09-19 03:11:07.607         55                  59 LCK_M_X                                                          1087486

(1 rows affected)
ts                      session_id blocking_session_id wait_type                                                    wait_time  
----------------------- ---------- ------------------- ------------------------------------------------------------ -----------
2026-09-19 03:11:08.603         55                  59 LCK_M_X                                                          1088488

(1 rows affected)
ts                      session_id blocking_session_id wait_type                                                    wait_time  
----------------------- ---------- ------------------- ------------------------------------------------------------ -----------
2026-09-19 03:11:09.607         55                  59 LCK_M_X                                                          1089490

(1 rows affected)
ts                      session_id blocking_session_id wait_type                                                    wait_time  
----------------------- ---------- ------------------- ------------------------------------------------------------ -----------
2026-09-19 03:11:10.607         55                  59 LCK_M_X                                                          1090492

(1 rows affected)
ts                      session_id blocking_session_id wait_type                                                    wait_time  
----------------------- ---------- ------------------- ------------------------------------------------------------ -----------
2026-09-19 03:11:11.610         55                  59 LCK_M_X                                                          1091494

(1 rows affected)
ts                      session_id blocking_session_id wait_type                                                    wait_time  
----------------------- ---------- ------------------- ------------------------------------------------------------ -----------
2026-09-19 03:11:12.610         55                  59 LCK_M_X                                                          1092496

(1 rows affected)
ts                      session_id blocking_session_id wait_type                                                    wait_time  
----------------------- ---------- ------------------- ------------------------------------------------------------ -----------
2026-09-19 03:11:13.613         55                  59 LCK_M_X                                                          1093498

(1 rows affected)
ts                      session_id blocking_session_id wait_type                                                    wait_time  
----------------------- ---------- ------------------- ------------------------------------------------------------ -----------
2026-09-19 03:11:14.617         55                  59 LCK_M_X                                                          1094500

(1 rows affected)
ts                      session_id blocking_session_id wait_type                                                    wait_time  
----------------------- ---------- ------------------- ------------------------------------------------------------ -----------
2026-09-19 03:11:15.620         55                  59 LCK_M_X                                                          1095502

(1 rows affected)
ts                      session_id blocking_session_id wait_type                                                    wait_time  
----------------------- ---------- ------------------- ------------------------------------------------------------ -----------
2026-09-19 03:11:16.623         55                  59 LCK_M_X                                                          1096504

(1 rows affected)
ts                      session_id blocking_session_id wait_type                                                    wait_time  
----------------------- ---------- ------------------- ------------------------------------------------------------ -----------
2026-09-19 03:11:17.627         55                  59 LCK_M_X                                                          1097506

(1 rows affected)
ts                      session_id blocking_session_id wait_type                                                    wait_time  
----------------------- ---------- ------------------- ------------------------------------------------------------ -----------
2026-09-19 03:11:18.623         55                  59 LCK_M_X                                                          1098508

(1 rows affected)
ts                      session_id blocking_session_id wait_type                                                    wait_time  
----------------------- ---------- ------------------- ------------------------------------------------------------ -----------
2026-09-19 03:11:19.627         55                  59 LCK_M_X                                                          1099510

(1 rows affected)
ts                      session_id blocking_session_id wait_type                                                    wait_time  
----------------------- ---------- ------------------- ------------------------------------------------------------ -----------
2026-09-19 03:11:20.630         55                  59 LCK_M_X                                                          1100512

(1 rows affected)
ts                      session_id blocking_session_id wait_type                                                    wait_time  
----------------------- ---------- ------------------- ------------------------------------------------------------ -----------
2026-09-19 03:11:21.630         55                  59 LCK_M_X                                                          1101514

(1 rows affected)
ts                      session_id blocking_session_id wait_type                                                    wait_time  
----------------------- ---------- ------------------- ------------------------------------------------------------ -----------
2026-09-19 03:11:22.633         55                  59 LCK_M_X                                                          1102516

(1 rows affected)
ts                      session_id blocking_session_id wait_type                                                    wait_time  
----------------------- ---------- ------------------- ------------------------------------------------------------ -----------
2026-09-19 03:11:23.637         55                  59 LCK_M_X                                                          1103518

(1 rows affected)
ts                      session_id blocking_session_id wait_type                                                    wait_time  
----------------------- ---------- ------------------- ------------------------------------------------------------ -----------
2026-09-19 03:11:24.640         55                  59 LCK_M_X                                                          1104520

(1 rows affected)
ts                      session_id blocking_session_id wait_type                                                    wait_time  
----------------------- ---------- ------------------- ------------------------------------------------------------ -----------
2026-09-19 03:11:25.640         55                  59 LCK_M_X                                                          1105522

(1 rows affected)
ts                      session_id blocking_session_id wait_type                                                    wait_time  
----------------------- ---------- ------------------- ------------------------------------------------------------ -----------
2026-09-19 03:11:26.640         55                  59 LCK_M_X                                                          1106524

(1 rows affected)
ts                      session_id blocking_session_id wait_type                                                    wait_time  
----------------------- ---------- ------------------- ------------------------------------------------------------ -----------
2026-09-19 03:11:27.643         55                  59 LCK_M_X                                                          1107526

(1 rows affected)
ts                      session_id blocking_session_id wait_type                                                    wait_time  
----------------------- ---------- ------------------- ------------------------------------------------------------ -----------
2026-09-19 03:11:28.647         55                  59 LCK_M_X                                                          1108528

(1 rows affected)
ts                      session_id blocking_session_id wait_type                                                    wait_time  
----------------------- ---------- ------------------- ------------------------------------------------------------ -----------
2026-09-19 03:11:29.647         55                  59 LCK_M_X                                                          1109530

(1 rows affected)
ts                      session_id blocking_session_id wait_type                                                    wait_time  
----------------------- ---------- ------------------- ------------------------------------------------------------ -----------
2026-09-19 03:11:30.650         55                  59 LCK_M_X                                                          1110532

(1 rows affected)
ts                      session_id blocking_session_id wait_type                                                    wait_time  
----------------------- ---------- ------------------- ------------------------------------------------------------ -----------
2026-09-19 03:11:31.653         55                  59 LCK_M_X                                                          1111534

(1 rows affected)
ts                      session_id blocking_session_id wait_type                                                    wait_time  
----------------------- ---------- ------------------- ------------------------------------------------------------ -----------
2026-09-19 03:11:32.650         55                  59 LCK_M_X                                                          1112536

(1 rows affected)
ts                      session_id blocking_session_id wait_type                                                    wait_time  
----------------------- ---------- ------------------- ------------------------------------------------------------ -----------
2026-09-19 03:11:33.653         55                  59 LCK_M_X                                                          1113538

(1 rows affected)
ts                      session_id blocking_session_id wait_type                                                    wait_time  
----------------------- ---------- ------------------- ------------------------------------------------------------ -----------
2026-09-19 03:11:34.657         55                  59 LCK_M_X                                                          1114540

(1 rows affected)
ts                      session_id blocking_session_id wait_type                                                    wait_time  
----------------------- ---------- ------------------- ------------------------------------------------------------ -----------
2026-09-19 03:11:35.660         55                  59 LCK_M_X                                                          1115542

(1 rows affected)
ts                      session_id blocking_session_id wait_type                                                    wait_time  
----------------------- ---------- ------------------- ------------------------------------------------------------ -----------
2026-09-19 03:11:36.663         55                  59 LCK_M_X                                                          1116544

(1 rows affected)
ts                      session_id blocking_session_id wait_type                                                    wait_time  
----------------------- ---------- ------------------- ------------------------------------------------------------ -----------
2026-09-19 03:11:37.663         55                  59 LCK_M_X                                                          1117546

(1 rows affected)
ts                      session_id blocking_session_id wait_type                                                    wait_time  
----------------------- ---------- ------------------- ------------------------------------------------------------ -----------
2026-09-19 03:11:38.667         55                  59 LCK_M_X                                                          1118548

(1 rows affected)
ts                      session_id blocking_session_id wait_type                                                    wait_time  
----------------------- ---------- ------------------- ------------------------------------------------------------ -----------
2026-09-19 03:11:39.670         55                  59 LCK_M_X                                                          1119550

(1 rows affected)
ts                      session_id blocking_session_id wait_type                                                    wait_time  
----------------------- ---------- ------------------- ------------------------------------------------------------ -----------
2026-09-19 03:11:40.667         55                  59 LCK_M_X                                                          1120552

(1 rows affected)
ts                      session_id blocking_session_id wait_type                                                    wait_time  
----------------------- ---------- ------------------- ------------------------------------------------------------ -----------
2026-09-19 03:11:41.670         55                  59 LCK_M_X                                                          1121554

(1 rows affected)
ts                      session_id blocking_session_id wait_type                                                    wait_time  
----------------------- ---------- ------------------- ------------------------------------------------------------ -----------
2026-09-19 03:11:42.673         55                  59 LCK_M_X                                                          1122556

(1 rows affected)
ts                      session_id blocking_session_id wait_type                                                    wait_time  
----------------------- ---------- ------------------- ------------------------------------------------------------ -----------
2026-09-19 03:11:43.677         55                  59 LCK_M_X                                                          1123558

(1 rows affected)
ts                      session_id blocking_session_id wait_type                                                    wait_time  
----------------------- ---------- ------------------- ------------------------------------------------------------ -----------
2026-09-19 03:11:44.677         55                  59 LCK_M_X                                                          1124560

(1 rows affected)
ts                      session_id blocking_session_id wait_type                                                    wait_time  
----------------------- ---------- ------------------- ------------------------------------------------------------ -----------
2026-09-19 03:11:45.680         55                  59 LCK_M_X                                                          1125562

(1 rows affected)
ts                      session_id blocking_session_id wait_type                                                    wait_time  
----------------------- ---------- ------------------- ------------------------------------------------------------ -----------
2026-09-19 03:11:46.680         55                  59 LCK_M_X                                                          1126564

(1 rows affected)
ts                      session_id blocking_session_id wait_type                                                    wait_time  
----------------------- ---------- ------------------- ------------------------------------------------------------ -----------
2026-09-19 03:11:47.683         55                  59 LCK_M_X                                                          1127566

(1 rows affected)
ts                      session_id blocking_session_id wait_type                                                    wait_time  
----------------------- ---------- ------------------- ------------------------------------------------------------ -----------
2026-09-19 03:11:48.687         55                  59 LCK_M_X                                                          1128568

(1 rows affected)
ts                      session_id blocking_session_id wait_type                                                    wait_time  
----------------------- ---------- ------------------- ------------------------------------------------------------ -----------
2026-09-19 03:11:49.687         55                  59 LCK_M_X                                                          1129570

(1 rows affected)
ts                      session_id blocking_session_id wait_type                                                    wait_time  
----------------------- ---------- ------------------- ------------------------------------------------------------ -----------
2026-09-19 03:11:50.690         55                  59 LCK_M_X                                                          1130572

(1 rows affected)
ts                      session_id blocking_session_id wait_type                                                    wait_time  
----------------------- ---------- ------------------- ------------------------------------------------------------ -----------
2026-09-19 03:11:51.693         55                  59 LCK_M_X                                                          1131574

(1 rows affected)
ts                      session_id blocking_session_id wait_type                                                    wait_time  
----------------------- ---------- ------------------- ------------------------------------------------------------ -----------
2026-09-19 03:11:52.690         55                  59 LCK_M_X                                                          1132576

(1 rows affected)
ts                      session_id blocking_session_id wait_type                                                    wait_time  
----------------------- ---------- ------------------- ------------------------------------------------------------ -----------
2026-09-19 03:11:53.693         55                  59 LCK_M_X                                                          1133578

(1 rows affected)
ts                      session_id blocking_session_id wait_type                                                    wait_time  
----------------------- ---------- ------------------- ------------------------------------------------------------ -----------
2026-09-19 03:11:54.697         55                  59 LCK_M_X                                                          1134580

(1 rows affected)
ts                      session_id blocking_session_id wait_type                                                    wait_time  
----------------------- ---------- ------------------- ------------------------------------------------------------ -----------
2026-09-19 03:11:55.700         55                  59 LCK_M_X                                                          1135582

(1 rows affected)
ts                      session_id blocking_session_id wait_type                                                    wait_time  
----------------------- ---------- ------------------- ------------------------------------------------------------ -----------
2026-09-19 03:11:56.703         55                  59 LCK_M_X                                                          1136584

(1 rows affected)
ts                      session_id blocking_session_id wait_type                                                    wait_time  
----------------------- ---------- ------------------- ------------------------------------------------------------ -----------
2026-09-19 03:11:57.703         55                  59 LCK_M_X                                                          1137586

(1 rows affected)
ts                      session_id blocking_session_id wait_type                                                    wait_time  
----------------------- ---------- ------------------- ------------------------------------------------------------ -----------
2026-09-19 03:11:58.703         55                  59 LCK_M_X                                                          1138588

(1 rows affected)
ts                      session_id blocking_session_id wait_type                                                    wait_time  
----------------------- ---------- ------------------- ------------------------------------------------------------ -----------
2026-09-19 03:11:59.707         55                  59 LCK_M_X                                                          1139590

(1 rows affected)
ts                      session_id blocking_session_id wait_type                                                    wait_time  
----------------------- ---------- ------------------- ------------------------------------------------------------ -----------
2026-09-19 03:12:00.710         55                  59 LCK_M_X                                                          1140592

(1 rows affected)
ts                      session_id blocking_session_id wait_type                                                    wait_time  
----------------------- ---------- ------------------- ------------------------------------------------------------ -----------
2026-09-19 03:12:01.713         55                  59 LCK_M_X                                                          1141594

(1 rows affected)
ts                      session_id blocking_session_id wait_type                                                    wait_time  
----------------------- ---------- ------------------- ------------------------------------------------------------ -----------
2026-09-19 03:12:02.713         55                  59 LCK_M_X                                                          1142596

(1 rows affected)
ts                      session_id blocking_session_id wait_type                                                    wait_time  
----------------------- ---------- ------------------- ------------------------------------------------------------ -----------
2026-09-19 03:12:03.713         55                  59 LCK_M_X                                                          1143598

(1 rows affected)
ts                      session_id blocking_session_id wait_type                                                    wait_time  
----------------------- ---------- ------------------- ------------------------------------------------------------ -----------
2026-09-19 03:12:04.717         55                  59 LCK_M_X                                                          1144600

(1 rows affected)
ts                      session_id blocking_session_id wait_type                                                    wait_time  
----------------------- ---------- ------------------- ------------------------------------------------------------ -----------
2026-09-19 03:12:05.720         55                  59 LCK_M_X                                                          1145602

(1 rows affected)
ts                      session_id blocking_session_id wait_type                                                    wait_time  
----------------------- ---------- ------------------- ------------------------------------------------------------ -----------
2026-09-19 03:12:06.720         55                  59 LCK_M_X                                                          1146604

(1 rows affected)
ts                      session_id blocking_session_id wait_type                                                    wait_time  
----------------------- ---------- ------------------- ------------------------------------------------------------ -----------
2026-09-19 03:12:07.723         55                  59 LCK_M_X                                                          1147606

(1 rows affected)
ts                      session_id blocking_session_id wait_type                                                    wait_time  
----------------------- ---------- ------------------- ------------------------------------------------------------ -----------
2026-09-19 03:12:08.727         55                  59 LCK_M_X                                                          1148609

(1 rows affected)
ts                      session_id blocking_session_id wait_type                                                    wait_time  
----------------------- ---------- ------------------- ------------------------------------------------------------ -----------
2026-09-19 03:12:09.730         55                  59 LCK_M_X                                                          1149611

(1 rows affected)
ts                      session_id blocking_session_id wait_type                                                    wait_time  
----------------------- ---------- ------------------- ------------------------------------------------------------ -----------
2026-09-19 03:12:10.730         55                  59 LCK_M_X                                                          1150613

(1 rows affected)
ts                      session_id blocking_session_id wait_type                                                    wait_time  
----------------------- ---------- ------------------- ------------------------------------------------------------ -----------
2026-09-19 03:12:11.730         55                  59 LCK_M_X                                                          1151615

(1 rows affected)
ts                      session_id blocking_session_id wait_type                                                    wait_time  
----------------------- ---------- ------------------- ------------------------------------------------------------ -----------
2026-09-19 03:12:12.733         55                  59 LCK_M_X                                                          1152617

(1 rows affected)
ts                      session_id blocking_session_id wait_type                                                    wait_time  
----------------------- ---------- ------------------- ------------------------------------------------------------ -----------
2026-09-19 03:12:13.737         55                  59 LCK_M_X                                                          1153619

(1 rows affected)
ts                      session_id blocking_session_id wait_type                                                    wait_time  
----------------------- ---------- ------------------- ------------------------------------------------------------ -----------
2026-09-19 03:12:14.737         55                  59 LCK_M_X                                                          1154621

(1 rows affected)
ts                      session_id blocking_session_id wait_type                                                    wait_time  
----------------------- ---------- ------------------- ------------------------------------------------------------ -----------
2026-09-19 03:12:15.740         55                  59 LCK_M_X                                                          1155623

(1 rows affected)
ts                      session_id blocking_session_id wait_type                                                    wait_time  
----------------------- ---------- ------------------- ------------------------------------------------------------ -----------
2026-09-19 03:12:16.743         55                  59 LCK_M_X                                                          1156625

(1 rows affected)
ts                      session_id blocking_session_id wait_type                                                    wait_time  
----------------------- ---------- ------------------- ------------------------------------------------------------ -----------
2026-09-19 03:12:17.743         55                  59 LCK_M_X                                                          1157627

(1 rows affected)
ts                      session_id blocking_session_id wait_type                                                    wait_time  
----------------------- ---------- ------------------- ------------------------------------------------------------ -----------
2026-09-19 03:12:18.747         55                  59 LCK_M_X                                                          1158629

(1 rows affected)
ts                      session_id blocking_session_id wait_type                                                    wait_time  
----------------------- ---------- ------------------- ------------------------------------------------------------ -----------
2026-09-19 03:12:19.750         55                  59 LCK_M_X                                                          1159631

(1 rows affected)
ts                      session_id blocking_session_id wait_type                                                    wait_time  
----------------------- ---------- ------------------- ------------------------------------------------------------ -----------
2026-09-19 03:12:20.750         55                  59 LCK_M_X                                                          1160633

(1 rows affected)
ts                      session_id blocking_session_id wait_type                                                    wait_time  
----------------------- ---------- ------------------- ------------------------------------------------------------ -----------
2026-09-19 03:12:21.750         55                  59 LCK_M_X                                                          1161635

(1 rows affected)
ts                      session_id blocking_session_id wait_type                                                    wait_time  
----------------------- ---------- ------------------- ------------------------------------------------------------ -----------
2026-09-19 03:12:22.753         55                  59 LCK_M_X                                                          1162637

(1 rows affected)
ts                      session_id blocking_session_id wait_type                                                    wait_time  
----------------------- ---------- ------------------- ------------------------------------------------------------ -----------
2026-09-19 03:12:23.757         55                  59 LCK_M_X                                                          1163638

(1 rows affected)
ts                      session_id blocking_session_id wait_type                                                    wait_time  
----------------------- ---------- ------------------- ------------------------------------------------------------ -----------
2026-09-19 03:12:24.757         55                  59 LCK_M_X                                                          1164640

(1 rows affected)
ts                      session_id blocking_session_id wait_type                                                    wait_time  
----------------------- ---------- ------------------- ------------------------------------------------------------ -----------
2026-09-19 03:12:25.760         55                  59 LCK_M_X                                                          1165642

(1 rows affected)
ts                      session_id blocking_session_id wait_type                                                    wait_time  
----------------------- ---------- ------------------- ------------------------------------------------------------ -----------
2026-09-19 03:12:26.760         55                  59 LCK_M_X                                                          1166644

(1 rows affected)
ts                      session_id blocking_session_id wait_type                                                    wait_time  
----------------------- ---------- ------------------- ------------------------------------------------------------ -----------
2026-09-19 03:12:27.763         55                  59 LCK_M_X                                                          1167646

(1 rows affected)
ts                      session_id blocking_session_id wait_type                                                    wait_time  
----------------------- ---------- ------------------- ------------------------------------------------------------ -----------
2026-09-19 03:12:28.763         55                  59 LCK_M_X                                                          1168648

(1 rows affected)
ts                      session_id blocking_session_id wait_type                                                    wait_time  
----------------------- ---------- ------------------- ------------------------------------------------------------ -----------
2026-09-19 03:12:29.767         55                  59 LCK_M_X                                                          1169650

(1 rows affected)
ts                      session_id blocking_session_id wait_type                                                    wait_time  
----------------------- ---------- ------------------- ------------------------------------------------------------ -----------
2026-09-19 03:12:30.767         55                  59 LCK_M_X                                                          1170652

(1 rows affected)
ts                      session_id blocking_session_id wait_type                                                    wait_time  
----------------------- ---------- ------------------- ------------------------------------------------------------ -----------
2026-09-19 03:12:31.770         55                  59 LCK_M_X                                                          1171654

(1 rows affected)
ts                      session_id blocking_session_id wait_type                                                    wait_time  
----------------------- ---------- ------------------- ------------------------------------------------------------ -----------
2026-09-19 03:12:32.773         55                  59 LCK_M_X                                                          1172656

(1 rows affected)
ts                      session_id blocking_session_id wait_type                                                    wait_time  
----------------------- ---------- ------------------- ------------------------------------------------------------ -----------
2026-09-19 03:12:33.777         55                  59 LCK_M_X                                                          1173658

(1 rows affected)
ts                      session_id blocking_session_id wait_type                                                    wait_time  
----------------------- ---------- ------------------- ------------------------------------------------------------ -----------
2026-09-19 03:12:34.777         55                  59 LCK_M_X                                                          1174659

(1 rows affected)
ts                      session_id blocking_session_id wait_type                                                    wait_time  
----------------------- ---------- ------------------- ------------------------------------------------------------ -----------
2026-09-19 03:12:35.780         55                  59 LCK_M_X                                                          1175661

(1 rows affected)
ts                      session_id blocking_session_id wait_type                                                    wait_time  
----------------------- ---------- ------------------- ------------------------------------------------------------ -----------
2026-09-19 03:12:36.780         55                  59 LCK_M_X                                                          1176663

(1 rows affected)
ts                      session_id blocking_session_id wait_type                                                    wait_time  
----------------------- ---------- ------------------- ------------------------------------------------------------ -----------
2026-09-19 03:12:37.783         55                  59 LCK_M_X                                                          1177665

(1 rows affected)
ts                      session_id blocking_session_id wait_type                                                    wait_time  
----------------------- ---------- ------------------- ------------------------------------------------------------ -----------
2026-09-19 03:12:38.783         55                  59 LCK_M_X                                                          1178667

(1 rows affected)
ts                      session_id blocking_session_id wait_type                                                    wait_time  
----------------------- ---------- ------------------- ------------------------------------------------------------ -----------
2026-09-19 03:12:39.787         55                  59 LCK_M_X                                                          1179669

(1 rows affected)
ts                      session_id blocking_session_id wait_type                                                    wait_time  
----------------------- ---------- ------------------- ------------------------------------------------------------ -----------
2026-09-19 03:12:40.787         55                  59 LCK_M_X                                                          1180671

(1 rows affected)
ts                      session_id blocking_session_id wait_type                                                    wait_time  
----------------------- ---------- ------------------- ------------------------------------------------------------ -----------
2026-09-19 03:12:41.790         55                  59 LCK_M_X                                                          1181673

(1 rows affected)
ts                      session_id blocking_session_id wait_type                                                    wait_time  
----------------------- ---------- ------------------- ------------------------------------------------------------ -----------
2026-09-19 03:12:42.793         55                  59 LCK_M_X                                                          1182675

(1 rows affected)
ts                      session_id blocking_session_id wait_type                                                    wait_time  
----------------------- ---------- ------------------- ------------------------------------------------------------ -----------
2026-09-19 03:12:43.797         55                  59 LCK_M_X                                                          1183676

(1 rows affected)
ts                      session_id blocking_session_id wait_type                                                    wait_time  
----------------------- ---------- ------------------- ------------------------------------------------------------ -----------
2026-09-19 03:12:44.793         55                  59 LCK_M_X                                                          1184678

(1 rows affected)
ts                      session_id blocking_session_id wait_type                                                    wait_time  
----------------------- ---------- ------------------- ------------------------------------------------------------ -----------
2026-09-19 03:12:45.797         55                  59 LCK_M_X                                                          1185680

(1 rows affected)
ts                      session_id blocking_session_id wait_type                                                    wait_time  
----------------------- ---------- ------------------- ------------------------------------------------------------ -----------
2026-09-19 03:12:46.800         55                  59 LCK_M_X                                                          1186682

(1 rows affected)
ts                      session_id blocking_session_id wait_type                                                    wait_time  
----------------------- ---------- ------------------- ------------------------------------------------------------ -----------
2026-09-19 03:12:47.803         55                  59 LCK_M_X                                                          1187684

(1 rows affected)
ts                      session_id blocking_session_id wait_type                                                    wait_time  
----------------------- ---------- ------------------- ------------------------------------------------------------ -----------
2026-09-19 03:12:48.803         55                  59 LCK_M_X                                                          1188686

(1 rows affected)
ts                      session_id blocking_session_id wait_type                                                    wait_time  
----------------------- ---------- ------------------- ------------------------------------------------------------ -----------
2026-09-19 03:12:49.807         55                  59 LCK_M_X                                                          1189689

(1 rows affected)
ts                      session_id blocking_session_id wait_type                                                    wait_time  
----------------------- ---------- ------------------- ------------------------------------------------------------ -----------
2026-09-19 03:12:50.810         55                  59 LCK_M_X                                                          1190691

(1 rows affected)
ts                      session_id blocking_session_id wait_type                                                    wait_time  
----------------------- ---------- ------------------- ------------------------------------------------------------ -----------
2026-09-19 03:12:51.813         55                  59 LCK_M_X                                                          1191693

(1 rows affected)
ts                      session_id blocking_session_id wait_type                                                    wait_time  
----------------------- ---------- ------------------- ------------------------------------------------------------ -----------
2026-09-19 03:12:52.813         55                  59 LCK_M_X                                                          1192695

(1 rows affected)
ts                      session_id blocking_session_id wait_type                                                    wait_time  
----------------------- ---------- ------------------- ------------------------------------------------------------ -----------
2026-09-19 03:12:53.813         55                  59 LCK_M_X                                                          1193696

(1 rows affected)
ts                      session_id blocking_session_id wait_type                                                    wait_time  
----------------------- ---------- ------------------- ------------------------------------------------------------ -----------
2026-09-19 03:12:54.813         55                  59 LCK_M_X                                                          1194698

(1 rows affected)
ts                      session_id blocking_session_id wait_type                                                    wait_time  
----------------------- ---------- ------------------- ------------------------------------------------------------ -----------
2026-09-19 03:12:55.817         55                  59 LCK_M_X                                                          1195700

(1 rows affected)
ts                      session_id blocking_session_id wait_type                                                    wait_time  
----------------------- ---------- ------------------- ------------------------------------------------------------ -----------
2026-09-19 03:12:56.820         55                  59 LCK_M_X                                                          1196702

(1 rows affected)
ts                      session_id blocking_session_id wait_type                                                    wait_time  
----------------------- ---------- ------------------- ------------------------------------------------------------ -----------
2026-09-19 03:12:57.820         55                  59 LCK_M_X                                                          1197704

(1 rows affected)
ts                      session_id blocking_session_id wait_type                                                    wait_time  
----------------------- ---------- ------------------- ------------------------------------------------------------ -----------
2026-09-19 03:12:58.823         55                  59 LCK_M_X                                                          1198706

(1 rows affected)
ts                      session_id blocking_session_id wait_type                                                    wait_time  
----------------------- ---------- ------------------- ------------------------------------------------------------ -----------
2026-09-19 03:12:59.823         55                  59 LCK_M_X                                                          1199708

(1 rows affected)
ts                      session_id blocking_session_id wait_type                                                    wait_time  
----------------------- ---------- ------------------- ------------------------------------------------------------ -----------
2026-09-19 03:13:00.827         55                  59 LCK_M_X                                                          1200710

(1 rows affected)
ts                      session_id blocking_session_id wait_type                                                    wait_time  
----------------------- ---------- ------------------- ------------------------------------------------------------ -----------
2026-09-19 03:13:01.830         55                  59 LCK_M_X                                                          1201712

(1 rows affected)
ts                      session_id blocking_session_id wait_type                                                    wait_time  
----------------------- ---------- ------------------- ------------------------------------------------------------ -----------
2026-09-19 03:13:02.830         55                  59 LCK_M_X                                                          1202714

(1 rows affected)
ts                      session_id blocking_session_id wait_type                                                    wait_time  
----------------------- ---------- ------------------- ------------------------------------------------------------ -----------
2026-09-19 03:13:03.833         55                  59 LCK_M_X                                                          1203716

(1 rows affected)
ts                      session_id blocking_session_id wait_type                                                    wait_time  
----------------------- ---------- ------------------- ------------------------------------------------------------ -----------
2026-09-19 03:13:04.833         55                  59 LCK_M_X                                                          1204718

(1 rows affected)
ts                      session_id blocking_session_id wait_type                                                    wait_time  
----------------------- ---------- ------------------- ------------------------------------------------------------ -----------
2026-09-19 03:13:05.837         55                  59 LCK_M_X                                                          1205720

(1 rows affected)
ts                      session_id blocking_session_id wait_type                                                    wait_time  
----------------------- ---------- ------------------- ------------------------------------------------------------ -----------
2026-09-19 03:13:06.840         55                  59 LCK_M_X                                                          1206722

(1 rows affected)
ts                      session_id blocking_session_id wait_type                                                    wait_time  
----------------------- ---------- ------------------- ------------------------------------------------------------ -----------
2026-09-19 03:13:07.843         55                  59 LCK_M_X                                                          1207724

(1 rows affected)
ts                      session_id blocking_session_id wait_type                                                    wait_time  
----------------------- ---------- ------------------- ------------------------------------------------------------ -----------
2026-09-19 03:13:08.840         55                  59 LCK_M_X                                                          1208726

(1 rows affected)
ts                      session_id blocking_session_id wait_type                                                    wait_time  
----------------------- ---------- ------------------- ------------------------------------------------------------ -----------
2026-09-19 03:13:09.843         55                  59 LCK_M_X                                                          1209728

(1 rows affected)
ts                      session_id blocking_session_id wait_type                                                    wait_time  
----------------------- ---------- ------------------- ------------------------------------------------------------ -----------
2026-09-19 03:13:10.847         55                  59 LCK_M_X                                                          1210730

(1 rows affected)
ts                      session_id blocking_session_id wait_type                                                    wait_time  
----------------------- ---------- ------------------- ------------------------------------------------------------ -----------
2026-09-19 03:13:11.850         55                  59 LCK_M_X                                                          1211732

(1 rows affected)
ts                      session_id blocking_session_id wait_type                                                    wait_time  
----------------------- ---------- ------------------- ------------------------------------------------------------ -----------
2026-09-19 03:13:12.850         55                  59 LCK_M_X                                                          1212734

(1 rows affected)
ts                      session_id blocking_session_id wait_type                                                    wait_time  
----------------------- ---------- ------------------- ------------------------------------------------------------ -----------
2026-09-19 03:13:13.857         55                  59 LCK_M_X                                                          1213736

(1 rows affected)
ts                      session_id blocking_session_id wait_type                                                    wait_time  
----------------------- ---------- ------------------- ------------------------------------------------------------ -----------
2026-09-19 03:13:14.853         55                  59 LCK_M_X                                                          1214738

(1 rows affected)
ts                      session_id blocking_session_id wait_type                                                    wait_time  
----------------------- ---------- ------------------- ------------------------------------------------------------ -----------
2026-09-19 03:13:15.857         55                  59 LCK_M_X                                                          1215740

(1 rows affected)
ts                      session_id blocking_session_id wait_type                                                    wait_time  
----------------------- ---------- ------------------- ------------------------------------------------------------ -----------
2026-09-19 03:13:16.860         55                  59 LCK_M_X                                                          1216742

(1 rows affected)
ts                      session_id blocking_session_id wait_type                                                    wait_time  
----------------------- ---------- ------------------- ------------------------------------------------------------ -----------
2026-09-19 03:13:17.860         55                  59 LCK_M_X                                                          1217744

(1 rows affected)
ts                      session_id blocking_session_id wait_type                                                    wait_time  
----------------------- ---------- ------------------- ------------------------------------------------------------ -----------
2026-09-19 03:13:18.863         55                  59 LCK_M_X                                                          1218746

(1 rows affected)
ts                      session_id blocking_session_id wait_type                                                    wait_time  
----------------------- ---------- ------------------- ------------------------------------------------------------ -----------
2026-09-19 03:13:19.867         55                  59 LCK_M_X                                                          1219748

(1 rows affected)
ts                      session_id blocking_session_id wait_type                                                    wait_time  
----------------------- ---------- ------------------- ------------------------------------------------------------ -----------
2026-09-19 03:13:20.870         55                  59 LCK_M_X                                                          1220750

(1 rows affected)
ts                      session_id blocking_session_id wait_type                                                    wait_time  
----------------------- ---------- ------------------- ------------------------------------------------------------ -----------
2026-09-19 03:13:21.870         55                  59 LCK_M_X                                                          1221752

(1 rows affected)
ts                      session_id blocking_session_id wait_type                                                    wait_time  
----------------------- ---------- ------------------- ------------------------------------------------------------ -----------
2026-09-19 03:13:22.870         55                  59 LCK_M_X                                                          1222754

(1 rows affected)
ts                      session_id blocking_session_id wait_type                                                    wait_time  
----------------------- ---------- ------------------- ------------------------------------------------------------ -----------
2026-09-19 03:13:23.870         55                  59 LCK_M_X                                                          1223756

(1 rows affected)
ts                      session_id blocking_session_id wait_type                                                    wait_time  
----------------------- ---------- ------------------- ------------------------------------------------------------ -----------
2026-09-19 03:13:24.873         55                  59 LCK_M_X                                                          1224758

(1 rows affected)
ts                      session_id blocking_session_id wait_type                                                    wait_time  
----------------------- ---------- ------------------- ------------------------------------------------------------ -----------
2026-09-19 03:13:25.877         55                  59 LCK_M_X                                                          1225760

(1 rows affected)
ts                      session_id blocking_session_id wait_type                                                    wait_time  
----------------------- ---------- ------------------- ------------------------------------------------------------ -----------
2026-09-19 03:13:26.880         55                  59 LCK_M_X                                                          1226762

(1 rows affected)
ts                      session_id blocking_session_id wait_type                                                    wait_time  
----------------------- ---------- ------------------- ------------------------------------------------------------ -----------
2026-09-19 03:13:27.883         55                  59 LCK_M_X                                                          1227764

(1 rows affected)
ts                      session_id blocking_session_id wait_type                                                    wait_time  
----------------------- ---------- ------------------- ------------------------------------------------------------ -----------
2026-09-19 03:13:28.887         55                  59 LCK_M_X                                                          1228766

(1 rows affected)
ts                      session_id blocking_session_id wait_type                                                    wait_time  
----------------------- ---------- ------------------- ------------------------------------------------------------ -----------
2026-09-19 03:13:29.883         55                  59 LCK_M_X                                                          1229768

(1 rows affected)
ts                      session_id blocking_session_id wait_type                                                    wait_time  
----------------------- ---------- ------------------- ------------------------------------------------------------ -----------
2026-09-19 03:13:30.887         55                  59 LCK_M_X                                                          1230770

(1 rows affected)
ts                      session_id blocking_session_id wait_type                                                    wait_time  
----------------------- ---------- ------------------- ------------------------------------------------------------ -----------
2026-09-19 03:13:31.890         55                  59 LCK_M_X                                                          1231772

(1 rows affected)
ts                      session_id blocking_session_id wait_type                                                    wait_time  
----------------------- ---------- ------------------- ------------------------------------------------------------ -----------
2026-09-19 03:13:32.890         55                  59 LCK_M_X                                                          1232774

(1 rows affected)
ts                      session_id blocking_session_id wait_type                                                    wait_time  
----------------------- ---------- ------------------- ------------------------------------------------------------ -----------
2026-09-19 03:13:33.893         55                  59 LCK_M_X                                                          1233776

(1 rows affected)
ts                      session_id blocking_session_id wait_type                                                    wait_time  
----------------------- ---------- ------------------- ------------------------------------------------------------ -----------
2026-09-19 03:13:34.897         55                  59 LCK_M_X                                                          1234778

(1 rows affected)
ts                      session_id blocking_session_id wait_type                                                    wait_time  
----------------------- ---------- ------------------- ------------------------------------------------------------ -----------
2026-09-19 03:13:35.897         55                  59 LCK_M_X                                                          1235780

(1 rows affected)
ts                      session_id blocking_session_id wait_type                                                    wait_time  
----------------------- ---------- ------------------- ------------------------------------------------------------ -----------
2026-09-19 03:13:36.900         55                  59 LCK_M_X                                                          1236782

(1 rows affected)
ts                      session_id blocking_session_id wait_type                                                    wait_time  
----------------------- ---------- ------------------- ------------------------------------------------------------ -----------
2026-09-19 03:13:37.903         55                  59 LCK_M_X                                                          1237784

(1 rows affected)
ts                      session_id blocking_session_id wait_type                                                    wait_time  
----------------------- ---------- ------------------- ------------------------------------------------------------ -----------
2026-09-19 03:13:38.903         55                  59 LCK_M_X                                                          1238786

(1 rows affected)
ts                      session_id blocking_session_id wait_type                                                    wait_time  
----------------------- ---------- ------------------- ------------------------------------------------------------ -----------
2026-09-19 03:13:39.907         55                  59 LCK_M_X                                                          1239788

(1 rows affected)
ts                      session_id blocking_session_id wait_type                                                    wait_time  
----------------------- ---------- ------------------- ------------------------------------------------------------ -----------
2026-09-19 03:13:40.910         55                  59 LCK_M_X                                                          1240790

(1 rows affected)
ts                      session_id blocking_session_id wait_type                                                    wait_time  
----------------------- ---------- ------------------- ------------------------------------------------------------ -----------
2026-09-19 03:13:41.910         55                  59 LCK_M_X                                                          1241792

(1 rows affected)
ts                      session_id blocking_session_id wait_type                                                    wait_time  
----------------------- ---------- ------------------- ------------------------------------------------------------ -----------
2026-09-19 03:13:42.910         55                  59 LCK_M_X                                                          1242794

(1 rows affected)
ts                      session_id blocking_session_id wait_type                                                    wait_time  
----------------------- ---------- ------------------- ------------------------------------------------------------ -----------
2026-09-19 03:13:43.910         55                  59 LCK_M_X                                                          1243796

(1 rows affected)
ts                      session_id blocking_session_id wait_type                                                    wait_time  
----------------------- ---------- ------------------- ------------------------------------------------------------ -----------
2026-09-19 03:13:44.917         55                  59 LCK_M_X                                                          1244798

(1 rows affected)
ts                      session_id blocking_session_id wait_type                                                    wait_time  
----------------------- ---------- ------------------- ------------------------------------------------------------ -----------
2026-09-19 03:13:45.917         55                  59 LCK_M_X                                                          1245800

(1 rows affected)
ts                      session_id blocking_session_id wait_type                                                    wait_time  
----------------------- ---------- ------------------- ------------------------------------------------------------ -----------
2026-09-19 03:13:46.920         55                  59 LCK_M_X                                                          1246802

(1 rows affected)
ts                      session_id blocking_session_id wait_type                                                    wait_time  
----------------------- ---------- ------------------- ------------------------------------------------------------ -----------
2026-09-19 03:13:47.923         55                  59 LCK_M_X                                                          1247804

(1 rows affected)
ts                      session_id blocking_session_id wait_type                                                    wait_time  
----------------------- ---------- ------------------- ------------------------------------------------------------ -----------
2026-09-19 03:13:48.920         55                  59 LCK_M_X                                                          1248806

(1 rows affected)
ts                      session_id blocking_session_id wait_type                                                    wait_time  
----------------------- ---------- ------------------- ------------------------------------------------------------ -----------
2026-09-19 03:13:49.923         55                  59 LCK_M_X                                                          1249808

(1 rows affected)
ts                      session_id blocking_session_id wait_type                                                    wait_time  
----------------------- ---------- ------------------- ------------------------------------------------------------ -----------
2026-09-19 03:13:50.930         55                  59 LCK_M_X                                                          1250810

(1 rows affected)
ts                      session_id blocking_session_id wait_type                                                    wait_time  
----------------------- ---------- ------------------- ------------------------------------------------------------ -----------
2026-09-19 03:13:51.930         55                  59 LCK_M_X                                                          1251812

(1 rows affected)
ts                      session_id blocking_session_id wait_type                                                    wait_time  
----------------------- ---------- ------------------- ------------------------------------------------------------ -----------
2026-09-19 03:13:52.930         55                  59 LCK_M_X                                                          1252814

(1 rows affected)
ts                      session_id blocking_session_id wait_type                                                    wait_time  
----------------------- ---------- ------------------- ------------------------------------------------------------ -----------
2026-09-19 03:13:53.930         55                  59 LCK_M_X                                                          1253816

(1 rows affected)
ts                      session_id blocking_session_id wait_type                                                    wait_time  
----------------------- ---------- ------------------- ------------------------------------------------------------ -----------
2026-09-19 03:13:54.933         55                  59 LCK_M_X                                                          1254818

(1 rows affected)
ts                      session_id blocking_session_id wait_type                                                    wait_time  
----------------------- ---------- ------------------- ------------------------------------------------------------ -----------
2026-09-19 03:13:55.937         55                  59 LCK_M_X                                                          1255820

(1 rows affected)
ts                      session_id blocking_session_id wait_type                                                    wait_time  
----------------------- ---------- ------------------- ------------------------------------------------------------ -----------
2026-09-19 03:13:56.940         55                  59 LCK_M_X                                                          1256822

(1 rows affected)
ts                      session_id blocking_session_id wait_type                                                    wait_time  
----------------------- ---------- ------------------- ------------------------------------------------------------ -----------
2026-09-19 03:13:57.943         55                  59 LCK_M_X                                                          1257824

(1 rows affected)
ts                      session_id blocking_session_id wait_type                                                    wait_time  
----------------------- ---------- ------------------- ------------------------------------------------------------ -----------
2026-09-19 03:13:58.943         55                  59 LCK_M_X                                                          1258825

(1 rows affected)
ts                      session_id blocking_session_id wait_type                                                    wait_time  
----------------------- ---------- ------------------- ------------------------------------------------------------ -----------
2026-09-19 03:13:59.947         55                  59 LCK_M_X                                                          1259827

(1 rows affected)
ts                      session_id blocking_session_id wait_type                                                    wait_time  
----------------------- ---------- ------------------- ------------------------------------------------------------ -----------
2026-09-19 03:14:00.950         55                  59 LCK_M_X                                                          1260829

(1 rows affected)
ts                      session_id blocking_session_id wait_type                                                    wait_time  
----------------------- ---------- ------------------- ------------------------------------------------------------ -----------
2026-09-19 03:14:01.947         55                  59 LCK_M_X                                                          1261831

(1 rows affected)
ts                      session_id blocking_session_id wait_type                                                    wait_time  
----------------------- ---------- ------------------- ------------------------------------------------------------ -----------
2026-09-19 03:14:02.950         55                  59 LCK_M_X                                                          1262833

(1 rows affected)
ts                      session_id blocking_session_id wait_type                                                    wait_time  
----------------------- ---------- ------------------- ------------------------------------------------------------ -----------
2026-09-19 03:14:03.953         55                  59 LCK_M_X                                                          1263835

(1 rows affected)
ts                      session_id blocking_session_id wait_type                                                    wait_time  
----------------------- ---------- ------------------- ------------------------------------------------------------ -----------
2026-09-19 03:14:04.957         55                  59 LCK_M_X                                                          1264837

(1 rows affected)
ts                      session_id blocking_session_id wait_type                                                    wait_time  
----------------------- ---------- ------------------- ------------------------------------------------------------ -----------
2026-09-19 03:14:05.957         55                  59 LCK_M_X                                                          1265840

(1 rows affected)
ts                      session_id blocking_session_id wait_type                                                    wait_time  
----------------------- ---------- ------------------- ------------------------------------------------------------ -----------
2026-09-19 03:14:06.960         55                  59 LCK_M_X                                                          1266841

(1 rows affected)
ts                      session_id blocking_session_id wait_type                                                    wait_time  
----------------------- ---------- ------------------- ------------------------------------------------------------ -----------
2026-09-19 03:14:07.960         55                  59 LCK_M_X                                                          1267843

(1 rows affected)
ts                      session_id blocking_session_id wait_type                                                    wait_time  
----------------------- ---------- ------------------- ------------------------------------------------------------ -----------
2026-09-19 03:14:08.960         55                  59 LCK_M_X                                                          1268846

(1 rows affected)
ts                      session_id blocking_session_id wait_type                                                    wait_time  
----------------------- ---------- ------------------- ------------------------------------------------------------ -----------
2026-09-19 03:14:09.963         55                  59 LCK_M_X                                                          1269848

(1 rows affected)
ts                      session_id blocking_session_id wait_type                                                    wait_time  
----------------------- ---------- ------------------- ------------------------------------------------------------ -----------
2026-09-19 03:14:10.967         55                  59 LCK_M_X                                                          1270850

(1 rows affected)
ts                      session_id blocking_session_id wait_type                                                    wait_time  
----------------------- ---------- ------------------- ------------------------------------------------------------ -----------
2026-09-19 03:14:11.970         55                  59 LCK_M_X                                                          1271852

(1 rows affected)
ts                      session_id blocking_session_id wait_type                                                    wait_time  
----------------------- ---------- ------------------- ------------------------------------------------------------ -----------
2026-09-19 03:14:12.973         55                  59 LCK_M_X                                                          1272854

(1 rows affected)
ts                      session_id blocking_session_id wait_type                                                    wait_time  
----------------------- ---------- ------------------- ------------------------------------------------------------ -----------
2026-09-19 03:14:13.973         55                  59 LCK_M_X                                                          1273855

(1 rows affected)
ts                      session_id blocking_session_id wait_type                                                    wait_time  
----------------------- ---------- ------------------- ------------------------------------------------------------ -----------
2026-09-19 03:14:14.973         55                  59 LCK_M_X                                                          1274857

(1 rows affected)
ts                      session_id blocking_session_id wait_type                                                    wait_time  
----------------------- ---------- ------------------- ------------------------------------------------------------ -----------
2026-09-19 03:14:15.977         55                  59 LCK_M_X                                                          1275859

(1 rows affected)
ts                      session_id blocking_session_id wait_type                                                    wait_time  
----------------------- ---------- ------------------- ------------------------------------------------------------ -----------
2026-09-19 03:14:16.980         55                  59 LCK_M_X                                                          1276862

(1 rows affected)
ts                      session_id blocking_session_id wait_type                                                    wait_time  
----------------------- ---------- ------------------- ------------------------------------------------------------ -----------
2026-09-19 03:14:17.980         55                  59 LCK_M_X                                                          1277864

(1 rows affected)
ts                      session_id blocking_session_id wait_type                                                    wait_time  
----------------------- ---------- ------------------- ------------------------------------------------------------ -----------
2026-09-19 03:14:18.983         55                  59 LCK_M_X                                                          1278866

(1 rows affected)
ts                      session_id blocking_session_id wait_type                                                    wait_time  
----------------------- ---------- ------------------- ------------------------------------------------------------ -----------
2026-09-19 03:14:19.987         55                  59 LCK_M_X                                                          1279868

(1 rows affected)
ts                      session_id blocking_session_id wait_type                                                    wait_time  
----------------------- ---------- ------------------- ------------------------------------------------------------ -----------
2026-09-19 03:14:20.990         55                  59 LCK_M_X                                                          1280870

(1 rows affected)
ts                      session_id blocking_session_id wait_type                                                    wait_time  
----------------------- ---------- ------------------- ------------------------------------------------------------ -----------
2026-09-19 03:14:21.990         55                  59 LCK_M_X                                                          1281872

(1 rows affected)
ts                      session_id blocking_session_id wait_type                                                    wait_time  
----------------------- ---------- ------------------- ------------------------------------------------------------ -----------
2026-09-19 03:14:22.990         55                  59 LCK_M_X                                                          1282874

(1 rows affected)
ts                      session_id blocking_session_id wait_type                                                    wait_time  
----------------------- ---------- ------------------- ------------------------------------------------------------ -----------
2026-09-19 03:14:23.993         55                  59 LCK_M_X                                                          1283876

(1 rows affected)
ts                      session_id blocking_session_id wait_type                                                    wait_time  
----------------------- ---------- ------------------- ------------------------------------------------------------ -----------
2026-09-19 03:14:24.997         55                  59 LCK_M_X                                                          1284878

(1 rows affected)
ts                      session_id blocking_session_id wait_type                                                    wait_time  
----------------------- ---------- ------------------- ------------------------------------------------------------ -----------
2026-09-19 03:14:26.000         55                  59 LCK_M_X                                                          1285880

(1 rows affected)
ts                      session_id blocking_session_id wait_type                                                    wait_time  
----------------------- ---------- ------------------- ------------------------------------------------------------ -----------
2026-09-19 03:14:26.997         55                  59 LCK_M_X                                                          1286882

(1 rows affected)
ts                      session_id blocking_session_id wait_type                                                    wait_time  
----------------------- ---------- ------------------- ------------------------------------------------------------ -----------
2026-09-19 03:14:28.000         55                  59 LCK_M_X                                                          1287884

(1 rows affected)
ts                      session_id blocking_session_id wait_type                                                    wait_time  
----------------------- ---------- ------------------- ------------------------------------------------------------ -----------
2026-09-19 03:14:29.003         55                  59 LCK_M_X                                                          1288886

(1 rows affected)
ts                      session_id blocking_session_id wait_type                                                    wait_time  
----------------------- ---------- ------------------- ------------------------------------------------------------ -----------
2026-09-19 03:14:30.007         55                  59 LCK_M_X                                                          1289888

(1 rows affected)
ts                      session_id blocking_session_id wait_type                                                    wait_time  
----------------------- ---------- ------------------- ------------------------------------------------------------ -----------
2026-09-19 03:14:31.010         55                  59 LCK_M_X                                                          1290890

(1 rows affected)
ts                      session_id blocking_session_id wait_type                                                    wait_time  
----------------------- ---------- ------------------- ------------------------------------------------------------ -----------
2026-09-19 03:14:32.010         55                  59 LCK_M_X                                                          1291892

(1 rows affected)
ts                      session_id blocking_session_id wait_type                                                    wait_time  
----------------------- ---------- ------------------- ------------------------------------------------------------ -----------
2026-09-19 03:14:33.010         55                  59 LCK_M_X                                                          1292893

(1 rows affected)
ts                      session_id blocking_session_id wait_type                                                    wait_time  
----------------------- ---------- ------------------- ------------------------------------------------------------ -----------
2026-09-19 03:14:34.010         55                  59 LCK_M_X                                                          1293895

(1 rows affected)
ts                      session_id blocking_session_id wait_type                                                    wait_time  
----------------------- ---------- ------------------- ------------------------------------------------------------ -----------
2026-09-19 03:14:35.013         55                  59 LCK_M_X                                                          1294897

(1 rows affected)
ts                      session_id blocking_session_id wait_type                                                    wait_time  
----------------------- ---------- ------------------- ------------------------------------------------------------ -----------
2026-09-19 03:14:36.017         55                  59 LCK_M_X                                                          1295899

(1 rows affected)
ts                      session_id blocking_session_id wait_type                                                    wait_time  
----------------------- ---------- ------------------- ------------------------------------------------------------ -----------
2026-09-19 03:14:37.020         55                  59 LCK_M_X                                                          1296901

(1 rows affected)
ts                      session_id blocking_session_id wait_type                                                    wait_time  
----------------------- ---------- ------------------- ------------------------------------------------------------ -----------
2026-09-19 03:14:38.020         55                  59 LCK_M_X                                                          1297902

(1 rows affected)
ts                      session_id blocking_session_id wait_type                                                    wait_time  
----------------------- ---------- ------------------- ------------------------------------------------------------ -----------
2026-09-19 03:14:39.020         55                  59 LCK_M_X                                                          1298904

(1 rows affected)
ts                      session_id blocking_session_id wait_type                                                    wait_time  
----------------------- ---------- ------------------- ------------------------------------------------------------ -----------
2026-09-19 03:14:40.023         55                  59 LCK_M_X                                                          1299906

(1 rows affected)
ts                      session_id blocking_session_id wait_type                                                    wait_time  
----------------------- ---------- ------------------- ------------------------------------------------------------ -----------
2026-09-19 03:14:41.023         55                  59 LCK_M_X                                                          1300908

(1 rows affected)
ts                      session_id blocking_session_id wait_type                                                    wait_time  
----------------------- ---------- ------------------- ------------------------------------------------------------ -----------
2026-09-19 03:14:42.027         55                  59 LCK_M_X                                                          1301910

(1 rows affected)
ts                      session_id blocking_session_id wait_type                                                    wait_time  
----------------------- ---------- ------------------- ------------------------------------------------------------ -----------
2026-09-19 03:14:43.030         55                  59 LCK_M_X                                                          1302912

(1 rows affected)
ts                      session_id blocking_session_id wait_type                                                    wait_time  
----------------------- ---------- ------------------- ------------------------------------------------------------ -----------
2026-09-19 03:14:44.030         55                  59 LCK_M_X                                                          1303914

(1 rows affected)
ts                      session_id blocking_session_id wait_type                                                    wait_time  
----------------------- ---------- ------------------- ------------------------------------------------------------ -----------
2026-09-19 03:14:45.033         55                  59 LCK_M_X                                                          1304916

(1 rows affected)
ts                      session_id blocking_session_id wait_type                                                    wait_time  
----------------------- ---------- ------------------- ------------------------------------------------------------ -----------
2026-09-19 03:14:46.037         55                  59 LCK_M_X                                                          1305918

(1 rows affected)
ts                      session_id blocking_session_id wait_type                                                    wait_time  
----------------------- ---------- ------------------- ------------------------------------------------------------ -----------
2026-09-19 03:14:47.037         55                  59 LCK_M_X                                                          1306920

(1 rows affected)
ts                      session_id blocking_session_id wait_type                                                    wait_time  
----------------------- ---------- ------------------- ------------------------------------------------------------ -----------
2026-09-19 03:14:48.040         55                  59 LCK_M_X                                                          1307922

(1 rows affected)
ts                      session_id blocking_session_id wait_type                                                    wait_time  
----------------------- ---------- ------------------- ------------------------------------------------------------ -----------
2026-09-19 03:14:49.040         55                  59 LCK_M_X                                                          1308924

(1 rows affected)
ts                      session_id blocking_session_id wait_type                                                    wait_time  
----------------------- ---------- ------------------- ------------------------------------------------------------ -----------
2026-09-19 03:14:50.043         55                  59 LCK_M_X                                                          1309926

(1 rows affected)
ts                      session_id blocking_session_id wait_type                                                    wait_time  
----------------------- ---------- ------------------- ------------------------------------------------------------ -----------
2026-09-19 03:14:51.047         55                  59 LCK_M_X                                                          1310928

(1 rows affected)
ts                      session_id blocking_session_id wait_type                                                    wait_time  
----------------------- ---------- ------------------- ------------------------------------------------------------ -----------
2026-09-19 03:14:52.047         55                  59 LCK_M_X                                                          1311930

(1 rows affected)
ts                      session_id blocking_session_id wait_type                                                    wait_time  
----------------------- ---------- ------------------- ------------------------------------------------------------ -----------
2026-09-19 03:14:53.047         55                  59 LCK_M_X                                                          1312932

(1 rows affected)
ts                      session_id blocking_session_id wait_type                                                    wait_time  
----------------------- ---------- ------------------- ------------------------------------------------------------ -----------
2026-09-19 03:14:54.050         55                  59 LCK_M_X                                                          1313934

(1 rows affected)
ts                      session_id blocking_session_id wait_type                                                    wait_time  
----------------------- ---------- ------------------- ------------------------------------------------------------ -----------
2026-09-19 03:14:55.053         55                  59 LCK_M_X                                                          1314936

(1 rows affected)
ts                      session_id blocking_session_id wait_type                                                    wait_time  
----------------------- ---------- ------------------- ------------------------------------------------------------ -----------
2026-09-19 03:14:56.057         55                  59 LCK_M_X                                                          1315938

(1 rows affected)
ts                      session_id blocking_session_id wait_type                                                    wait_time  
----------------------- ---------- ------------------- ------------------------------------------------------------ -----------
2026-09-19 03:14:57.060         55                  59 LCK_M_X                                                          1316940

(1 rows affected)
ts                      session_id blocking_session_id wait_type                                                    wait_time  
----------------------- ---------- ------------------- ------------------------------------------------------------ -----------
2026-09-19 03:14:58.060         55                  59 LCK_M_X                                                          1317944

(1 rows affected)
ts                      session_id blocking_session_id wait_type                                                    wait_time  
----------------------- ---------- ------------------- ------------------------------------------------------------ -----------
2026-09-19 03:14:59.063         55                  59 LCK_M_X                                                          1318946

(1 rows affected)
ts                      session_id blocking_session_id wait_type                                                    wait_time  
----------------------- ---------- ------------------- ------------------------------------------------------------ -----------
2026-09-19 03:15:00.067         55                  59 LCK_M_X                                                          1319948

(1 rows affected)
ts                      session_id blocking_session_id wait_type                                                    wait_time  
----------------------- ---------- ------------------- ------------------------------------------------------------ -----------
2026-09-19 03:15:01.070         55                  59 LCK_M_X                                                          1320950

(1 rows affected)
ts                      session_id blocking_session_id wait_type                                                    wait_time  
----------------------- ---------- ------------------- ------------------------------------------------------------ -----------
2026-09-19 03:15:02.070         55                  59 LCK_M_X                                                          1321952

(1 rows affected)
ts                      session_id blocking_session_id wait_type                                                    wait_time  
----------------------- ---------- ------------------- ------------------------------------------------------------ -----------
2026-09-19 03:15:03.073         55                  59 LCK_M_X                                                          1322958

(1 rows affected)
ts                      session_id blocking_session_id wait_type                                                    wait_time  
----------------------- ---------- ------------------- ------------------------------------------------------------ -----------
2026-09-19 03:15:04.080         55                  59 LCK_M_X                                                          1323963

(1 rows affected)
ts                      session_id blocking_session_id wait_type                                                    wait_time  
----------------------- ---------- ------------------- ------------------------------------------------------------ -----------
2026-09-19 03:15:05.083         55                  59 LCK_M_X                                                          1324965

(1 rows affected)
ts                      session_id blocking_session_id wait_type                                                    wait_time  
----------------------- ---------- ------------------- ------------------------------------------------------------ -----------
2026-09-19 03:15:06.083         55                  59 LCK_M_X                                                          1325967

(1 rows affected)
ts                      session_id blocking_session_id wait_type                                                    wait_time  
----------------------- ---------- ------------------- ------------------------------------------------------------ -----------
2026-09-19 03:15:07.087         55                  59 LCK_M_X                                                          1326969

(1 rows affected)
ts                      session_id blocking_session_id wait_type                                                    wait_time  
----------------------- ---------- ------------------- ------------------------------------------------------------ -----------
2026-09-19 03:15:08.090         55                  59 LCK_M_X                                                          1327971

(1 rows affected)
ts                      session_id blocking_session_id wait_type                                                    wait_time  
----------------------- ---------- ------------------- ------------------------------------------------------------ -----------
2026-09-19 03:15:09.090         55                  59 LCK_M_X                                                          1328973

(1 rows affected)
ts                      session_id blocking_session_id wait_type                                                    wait_time  
----------------------- ---------- ------------------- ------------------------------------------------------------ -----------
2026-09-19 03:15:10.090         55                  59 LCK_M_X                                                          1329975

(1 rows affected)
ts                      session_id blocking_session_id wait_type                                                    wait_time  
----------------------- ---------- ------------------- ------------------------------------------------------------ -----------
2026-09-19 03:15:11.097         55                  59 LCK_M_X                                                          1330978

(1 rows affected)
ts                      session_id blocking_session_id wait_type                                                    wait_time  
----------------------- ---------- ------------------- ------------------------------------------------------------ -----------
2026-09-19 03:15:12.097         55                  59 LCK_M_X                                                          1331980

(1 rows affected)
ts                      session_id blocking_session_id wait_type                                                    wait_time  
----------------------- ---------- ------------------- ------------------------------------------------------------ -----------
2026-09-19 03:15:13.100         55                  59 LCK_M_X                                                          1332981

(1 rows affected)
ts                      session_id blocking_session_id wait_type                                                    wait_time  
----------------------- ---------- ------------------- ------------------------------------------------------------ -----------
2026-09-19 03:15:14.100         55                  59 LCK_M_X                                                          1333984

(1 rows affected)
ts                      session_id blocking_session_id wait_type                                                    wait_time  
----------------------- ---------- ------------------- ------------------------------------------------------------ -----------
2026-09-19 03:15:15.103         55                  59 LCK_M_X                                                          1334986

(1 rows affected)
ts                      session_id blocking_session_id wait_type                                                    wait_time  
----------------------- ---------- ------------------- ------------------------------------------------------------ -----------
2026-09-19 03:15:16.107         55                  59 LCK_M_X                                                          1335988

(1 rows affected)
ts                      session_id blocking_session_id wait_type                                                    wait_time  
----------------------- ---------- ------------------- ------------------------------------------------------------ -----------
2026-09-19 03:15:17.110         55                  59 LCK_M_X                                                          1336990

(1 rows affected)
ts                      session_id blocking_session_id wait_type                                                    wait_time  
----------------------- ---------- ------------------- ------------------------------------------------------------ -----------
2026-09-19 03:15:18.113         55                  59 LCK_M_X                                                          1337993

(1 rows affected)
ts                      session_id blocking_session_id wait_type                                                    wait_time  
----------------------- ---------- ------------------- ------------------------------------------------------------ -----------
2026-09-19 03:15:19.113         55                  59 LCK_M_X                                                          1338995

(1 rows affected)
ts                      session_id blocking_session_id wait_type                                                    wait_time  
----------------------- ---------- ------------------- ------------------------------------------------------------ -----------
2026-09-19 03:15:20.113         55                  59 LCK_M_X                                                          1339997

(1 rows affected)
ts                      session_id blocking_session_id wait_type                                                    wait_time  
----------------------- ---------- ------------------- ------------------------------------------------------------ -----------
2026-09-19 03:15:21.113         55                  59 LCK_M_X                                                          1340999

(1 rows affected)
ts                      session_id blocking_session_id wait_type                                                    wait_time  
----------------------- ---------- ------------------- ------------------------------------------------------------ -----------
2026-09-19 03:15:22.120         55                  59 LCK_M_X                                                          1342001

(1 rows affected)
ts                      session_id blocking_session_id wait_type                                                    wait_time  
----------------------- ---------- ------------------- ------------------------------------------------------------ -----------
2026-09-19 03:15:23.120         55                  59 LCK_M_X                                                          1343003

(1 rows affected)
ts                      session_id blocking_session_id wait_type                                                    wait_time  
----------------------- ---------- ------------------- ------------------------------------------------------------ -----------
2026-09-19 03:15:24.123         55                  59 LCK_M_X                                                          1344005

(1 rows affected)
ts                      session_id blocking_session_id wait_type                                                    wait_time  
----------------------- ---------- ------------------- ------------------------------------------------------------ -----------
2026-09-19 03:15:25.127         55                  59 LCK_M_X                                                          1345007

(1 rows affected)
ts                      session_id blocking_session_id wait_type                                                    wait_time  
----------------------- ---------- ------------------- ------------------------------------------------------------ -----------
2026-09-19 03:15:26.130         55                  59 LCK_M_X                                                          1346009

(1 rows affected)
ts                      session_id blocking_session_id wait_type                                                    wait_time  
----------------------- ---------- ------------------- ------------------------------------------------------------ -----------
2026-09-19 03:15:27.127         55                  59 LCK_M_X                                                          1347012

(1 rows affected)
ts                      session_id blocking_session_id wait_type                                                    wait_time  
----------------------- ---------- ------------------- ------------------------------------------------------------ -----------
2026-09-19 03:15:28.130         55                  59 LCK_M_X                                                          1348013

(1 rows affected)
ts                      session_id blocking_session_id wait_type                                                    wait_time  
----------------------- ---------- ------------------- ------------------------------------------------------------ -----------
2026-09-19 03:15:29.133         55                  59 LCK_M_X                                                          1349016

(1 rows affected)
ts                      session_id blocking_session_id wait_type                                                    wait_time  
----------------------- ---------- ------------------- ------------------------------------------------------------ -----------
2026-09-19 03:15:30.137         55                  59 LCK_M_X                                                          1350018

(1 rows affected)
ts                      session_id blocking_session_id wait_type                                                    wait_time  
----------------------- ---------- ------------------- ------------------------------------------------------------ -----------
2026-09-19 03:15:31.140         55                  59 LCK_M_X                                                          1351020

(1 rows affected)
ts                      session_id blocking_session_id wait_type                                                    wait_time  
----------------------- ---------- ------------------- ------------------------------------------------------------ -----------
2026-09-19 03:15:32.137         55                  59 LCK_M_X                                                          1352022

(1 rows affected)
ts                      session_id blocking_session_id wait_type                                                    wait_time  
----------------------- ---------- ------------------- ------------------------------------------------------------ -----------
2026-09-19 03:15:33.140         55                  59 LCK_M_X                                                          1353024

(1 rows affected)
ts                      session_id blocking_session_id wait_type                                                    wait_time  
----------------------- ---------- ------------------- ------------------------------------------------------------ -----------
2026-09-19 03:15:34.143         55                  59 LCK_M_X                                                          1354026

(1 rows affected)
ts                      session_id blocking_session_id wait_type                                                    wait_time  
----------------------- ---------- ------------------- ------------------------------------------------------------ -----------
2026-09-19 03:15:35.143         55                  59 LCK_M_X                                                          1355028

(1 rows affected)
ts                      session_id blocking_session_id wait_type                                                    wait_time  
----------------------- ---------- ------------------- ------------------------------------------------------------ -----------
2026-09-19 03:15:36.147         55                  59 LCK_M_X                                                          1356030

(1 rows affected)
ts                      session_id blocking_session_id wait_type                                                    wait_time  
----------------------- ---------- ------------------- ------------------------------------------------------------ -----------
2026-09-19 03:15:37.150         55                  59 LCK_M_X                                                          1357032

(1 rows affected)
ts                      session_id blocking_session_id wait_type                                                    wait_time  
----------------------- ---------- ------------------- ------------------------------------------------------------ -----------
2026-09-19 03:15:38.153         55                  59 LCK_M_X                                                          1358034

(1 rows affected)
ts                      session_id blocking_session_id wait_type                                                    wait_time  
----------------------- ---------- ------------------- ------------------------------------------------------------ -----------
2026-09-19 03:15:39.157         55                  59 LCK_M_X                                                          1359037

(1 rows affected)
ts                      session_id blocking_session_id wait_type                                                    wait_time  
----------------------- ---------- ------------------- ------------------------------------------------------------ -----------
2026-09-19 03:15:40.157         55                  59 LCK_M_X                                                          1360039

(1 rows affected)
ts                      session_id blocking_session_id wait_type                                                    wait_time  
----------------------- ---------- ------------------- ------------------------------------------------------------ -----------
2026-09-19 03:15:41.157         55                  59 LCK_M_X                                                          1361040

(1 rows affected)
ts                      session_id blocking_session_id wait_type                                                    wait_time  
----------------------- ---------- ------------------- ------------------------------------------------------------ -----------
2026-09-19 03:15:42.160         55                  59 LCK_M_X                                                          1362042

(1 rows affected)
ts                      session_id blocking_session_id wait_type                                                    wait_time  
----------------------- ---------- ------------------- ------------------------------------------------------------ -----------
2026-09-19 03:15:43.163         55                  59 LCK_M_X                                                          1363045

(1 rows affected)
ts                      session_id blocking_session_id wait_type                                                    wait_time  
----------------------- ---------- ------------------- ------------------------------------------------------------ -----------
2026-09-19 03:15:44.167         55                  59 LCK_M_X                                                          1364047

(1 rows affected)
ts                      session_id blocking_session_id wait_type                                                    wait_time  
----------------------- ---------- ------------------- ------------------------------------------------------------ -----------
2026-09-19 03:15:45.167         55                  59 LCK_M_X                                                          1365049

(1 rows affected)
ts                      session_id blocking_session_id wait_type                                                    wait_time  
----------------------- ---------- ------------------- ------------------------------------------------------------ -----------
2026-09-19 03:15:46.170         55                  59 LCK_M_X                                                          1366051

(1 rows affected)
ts                      session_id blocking_session_id wait_type                                                    wait_time  
----------------------- ---------- ------------------- ------------------------------------------------------------ -----------
2026-09-19 03:15:47.170         55                  59 LCK_M_X                                                          1367053

(1 rows affected)
ts                      session_id blocking_session_id wait_type                                                    wait_time  
----------------------- ---------- ------------------- ------------------------------------------------------------ -----------
2026-09-19 03:15:48.170         55                  59 LCK_M_X                                                          1368055

(1 rows affected)
ts                      session_id blocking_session_id wait_type                                                    wait_time  
----------------------- ---------- ------------------- ------------------------------------------------------------ -----------
2026-09-19 03:15:49.173         55                  59 LCK_M_X                                                          1369057

(1 rows affected)
ts                      session_id blocking_session_id wait_type                                                    wait_time  
----------------------- ---------- ------------------- ------------------------------------------------------------ -----------
2026-09-19 03:15:50.177         55                  59 LCK_M_X                                                          1370059

(1 rows affected)
ts                      session_id blocking_session_id wait_type                                                    wait_time  
----------------------- ---------- ------------------- ------------------------------------------------------------ -----------
2026-09-19 03:15:51.180         55                  59 LCK_M_X                                                          1371061

(1 rows affected)
ts                      session_id blocking_session_id wait_type                                                    wait_time  
----------------------- ---------- ------------------- ------------------------------------------------------------ -----------
2026-09-19 03:15:52.180         55                  59 LCK_M_X                                                          1372063

(1 rows affected)
ts                      session_id blocking_session_id wait_type                                                    wait_time  
----------------------- ---------- ------------------- ------------------------------------------------------------ -----------
2026-09-19 03:15:53.183         55                  59 LCK_M_X                                                          1373065

(1 rows affected)
ts                      session_id blocking_session_id wait_type                                                    wait_time  
----------------------- ---------- ------------------- ------------------------------------------------------------ -----------
2026-09-19 03:15:54.183         55                  59 LCK_M_X                                                          1374068

(1 rows affected)
ts                      session_id blocking_session_id wait_type                                                    wait_time  
----------------------- ---------- ------------------- ------------------------------------------------------------ -----------
2026-09-19 03:15:55.187         55                  59 LCK_M_X                                                          1375070

(1 rows affected)
ts                      session_id blocking_session_id wait_type                                                    wait_time  
----------------------- ---------- ------------------- ------------------------------------------------------------ -----------
2026-09-19 03:15:56.190         55                  59 LCK_M_X                                                          1376072

(1 rows affected)
ts                      session_id blocking_session_id wait_type                                                    wait_time  
----------------------- ---------- ------------------- ------------------------------------------------------------ -----------
2026-09-19 03:15:57.190         55                  59 LCK_M_X                                                          1377073

(1 rows affected)
ts                      session_id blocking_session_id wait_type                                                    wait_time  
----------------------- ---------- ------------------- ------------------------------------------------------------ -----------
2026-09-19 03:15:58.193         55                  59 LCK_M_X                                                          1378075

(1 rows affected)
ts                      session_id blocking_session_id wait_type                                                    wait_time  
----------------------- ---------- ------------------- ------------------------------------------------------------ -----------
2026-09-19 03:15:59.193         55                  59 LCK_M_X                                                          1379077

(1 rows affected)
ts                      session_id blocking_session_id wait_type                                                    wait_time  
----------------------- ---------- ------------------- ------------------------------------------------------------ -----------
2026-09-19 03:16:00.197         55                  59 LCK_M_X                                                          1380079

(1 rows affected)
ts                      session_id blocking_session_id wait_type                                                    wait_time  
----------------------- ---------- ------------------- ------------------------------------------------------------ -----------
2026-09-19 03:16:01.197         55                  59 LCK_M_X                                                          1381081

(1 rows affected)
ts                      session_id blocking_session_id wait_type                                                    wait_time  
----------------------- ---------- ------------------- ------------------------------------------------------------ -----------
2026-09-19 03:16:02.200         55                  59 LCK_M_X                                                          1382083

(1 rows affected)
ts                      session_id blocking_session_id wait_type                                                    wait_time  
----------------------- ---------- ------------------- ------------------------------------------------------------ -----------
2026-09-19 03:16:03.203         55                  59 LCK_M_X                                                          1383085

(1 rows affected)
ts                      session_id blocking_session_id wait_type                                                    wait_time  
----------------------- ---------- ------------------- ------------------------------------------------------------ -----------
2026-09-19 03:16:04.203         55                  59 LCK_M_X                                                          1384088

(1 rows affected)
ts                      session_id blocking_session_id wait_type                                                    wait_time  
----------------------- ---------- ------------------- ------------------------------------------------------------ -----------
2026-09-19 03:16:05.207         55                  59 LCK_M_X                                                          1385090

(1 rows affected)
ts                      session_id blocking_session_id wait_type                                                    wait_time  
----------------------- ---------- ------------------- ------------------------------------------------------------ -----------
2026-09-19 03:16:06.210         55                  59 LCK_M_X                                                          1386092

(1 rows affected)
ts                      session_id blocking_session_id wait_type                                                    wait_time  
----------------------- ---------- ------------------- ------------------------------------------------------------ -----------
2026-09-19 03:16:07.210         55                  59 LCK_M_X                                                          1387094

(1 rows affected)
ts                      session_id blocking_session_id wait_type                                                    wait_time  
----------------------- ---------- ------------------- ------------------------------------------------------------ -----------
2026-09-19 03:16:08.213         55                  59 LCK_M_X                                                          1388096

(1 rows affected)
ts                      session_id blocking_session_id wait_type                                                    wait_time  
----------------------- ---------- ------------------- ------------------------------------------------------------ -----------
2026-09-19 03:16:09.217         55                  59 LCK_M_X                                                          1389098

(1 rows affected)
ts                      session_id blocking_session_id wait_type                                                    wait_time  
----------------------- ---------- ------------------- ------------------------------------------------------------ -----------
2026-09-19 03:16:10.217         55                  59 LCK_M_X                                                          1390100

(1 rows affected)
ts                      session_id blocking_session_id wait_type                                                    wait_time  
----------------------- ---------- ------------------- ------------------------------------------------------------ -----------
2026-09-19 03:16:11.220         55                  59 LCK_M_X                                                          1391101

(1 rows affected)
ts                      session_id blocking_session_id wait_type                                                    wait_time  
----------------------- ---------- ------------------- ------------------------------------------------------------ -----------
2026-09-19 03:16:12.223         55                  59 LCK_M_X                                                          1392103

(1 rows affected)
ts                      session_id blocking_session_id wait_type                                                    wait_time  
----------------------- ---------- ------------------- ------------------------------------------------------------ -----------
2026-09-19 03:16:13.220         55                  59 LCK_M_X                                                          1393105

(1 rows affected)
ts                      session_id blocking_session_id wait_type                                                    wait_time  
----------------------- ---------- ------------------- ------------------------------------------------------------ -----------
2026-09-19 03:16:14.223         55                  59 LCK_M_X                                                          1394107

(1 rows affected)
ts                      session_id blocking_session_id wait_type                                                    wait_time  
----------------------- ---------- ------------------- ------------------------------------------------------------ -----------
2026-09-19 03:16:15.227         55                  59 LCK_M_X                                                          1395109

(1 rows affected)
ts                      session_id blocking_session_id wait_type                                                    wait_time  
----------------------- ---------- ------------------- ------------------------------------------------------------ -----------
2026-09-19 03:16:16.230         55                  59 LCK_M_X                                                          1396111

(1 rows affected)
ts                      session_id blocking_session_id wait_type                                                    wait_time  
----------------------- ---------- ------------------- ------------------------------------------------------------ -----------
2026-09-19 03:16:17.233         55                  59 LCK_M_X                                                          1397113

(1 rows affected)
ts                      session_id blocking_session_id wait_type                                                    wait_time  
----------------------- ---------- ------------------- ------------------------------------------------------------ -----------
2026-09-19 03:16:18.230         55                  59 LCK_M_X                                                          1398115

(1 rows affected)
ts                      session_id blocking_session_id wait_type                                                    wait_time  
----------------------- ---------- ------------------- ------------------------------------------------------------ -----------
2026-09-19 03:16:19.233         55                  59 LCK_M_X                                                          1399117

(1 rows affected)
ts                      session_id blocking_session_id wait_type                                                    wait_time  
----------------------- ---------- ------------------- ------------------------------------------------------------ -----------
2026-09-19 03:16:20.237         55                  59 LCK_M_X                                                          1400119

(1 rows affected)
ts                      session_id blocking_session_id wait_type                                                    wait_time  
----------------------- ---------- ------------------- ------------------------------------------------------------ -----------
2026-09-19 03:16:21.240         55                  59 LCK_M_X                                                          1401121

(1 rows affected)
ts                      session_id blocking_session_id wait_type                                                    wait_time  
----------------------- ---------- ------------------- ------------------------------------------------------------ -----------
2026-09-19 03:16:22.243         55                  59 LCK_M_X                                                          1402124

(1 rows affected)
ts                      session_id blocking_session_id wait_type                                                    wait_time  
----------------------- ---------- ------------------- ------------------------------------------------------------ -----------
2026-09-19 03:16:23.243         55                  59 LCK_M_X                                                          1403126

(1 rows affected)
ts                      session_id blocking_session_id wait_type                                                    wait_time  
----------------------- ---------- ------------------- ------------------------------------------------------------ -----------
2026-09-19 03:16:24.247         55                  59 LCK_M_X                                                          1404128

(1 rows affected)
ts                      session_id blocking_session_id wait_type                                                    wait_time  
----------------------- ---------- ------------------- ------------------------------------------------------------ -----------
2026-09-19 03:16:25.247         55                  59 LCK_M_X                                                          1405130

(1 rows affected)
ts                      session_id blocking_session_id wait_type                                                    wait_time  
----------------------- ---------- ------------------- ------------------------------------------------------------ -----------
2026-09-19 03:16:26.247         55                  59 LCK_M_X                                                          1406131

(1 rows affected)
ts                      session_id blocking_session_id wait_type                                                    wait_time  
----------------------- ---------- ------------------- ------------------------------------------------------------ -----------
2026-09-19 03:16:27.250         55                  59 LCK_M_X                                                          1407134

(1 rows affected)
ts                      session_id blocking_session_id wait_type                                                    wait_time  
----------------------- ---------- ------------------- ------------------------------------------------------------ -----------
2026-09-19 03:16:28.253         55                  59 LCK_M_X                                                          1408135

(1 rows affected)
ts                      session_id blocking_session_id wait_type                                                    wait_time  
----------------------- ---------- ------------------- ------------------------------------------------------------ -----------
2026-09-19 03:16:29.257         55                  59 LCK_M_X                                                          1409138

(1 rows affected)
ts                      session_id blocking_session_id wait_type                                                    wait_time  
----------------------- ---------- ------------------- ------------------------------------------------------------ -----------
2026-09-19 03:16:30.257         55                  59 LCK_M_X                                                          1410140

(1 rows affected)
ts                      session_id blocking_session_id wait_type                                                    wait_time  
----------------------- ---------- ------------------- ------------------------------------------------------------ -----------
2026-09-19 03:16:31.260         55                  59 LCK_M_X                                                          1411142

(1 rows affected)
ts                      session_id blocking_session_id wait_type                                                    wait_time  
----------------------- ---------- ------------------- ------------------------------------------------------------ -----------
2026-09-19 03:16:32.260         55                  59 LCK_M_X                                                          1412144

(1 rows affected)
ts                      session_id blocking_session_id wait_type                                                    wait_time  
----------------------- ---------- ------------------- ------------------------------------------------------------ -----------
2026-09-19 03:16:33.263         55                  59 LCK_M_X                                                          1413146

(1 rows affected)
ts                      session_id blocking_session_id wait_type                                                    wait_time  
----------------------- ---------- ------------------- ------------------------------------------------------------ -----------
2026-09-19 03:16:34.267         55                  59 LCK_M_X                                                          1414148

(1 rows affected)
ts                      session_id blocking_session_id wait_type                                                    wait_time  
----------------------- ---------- ------------------- ------------------------------------------------------------ -----------
2026-09-19 03:16:35.263         55                  59 LCK_M_X                                                          1415150

(1 rows affected)
ts                      session_id blocking_session_id wait_type                                                    wait_time  
----------------------- ---------- ------------------- ------------------------------------------------------------ -----------
2026-09-19 03:16:36.270         55                  59 LCK_M_X                                                          1416153

(1 rows affected)
ts                      session_id blocking_session_id wait_type                                                    wait_time  
----------------------- ---------- ------------------- ------------------------------------------------------------ -----------
2026-09-19 03:16:37.273         55                  59 LCK_M_X                                                          1417155

(1 rows affected)
ts                      session_id blocking_session_id wait_type                                                    wait_time  
----------------------- ---------- ------------------- ------------------------------------------------------------ -----------
2026-09-19 03:16:38.277         55                  59 LCK_M_X                                                          1418157

(1 rows affected)
ts                      session_id blocking_session_id wait_type                                                    wait_time  
----------------------- ---------- ------------------- ------------------------------------------------------------ -----------
2026-09-19 03:16:39.277         55                  59 LCK_M_X                                                          1419159

(1 rows affected)
ts                      session_id blocking_session_id wait_type                                                    wait_time  
----------------------- ---------- ------------------- ------------------------------------------------------------ -----------
2026-09-19 03:16:40.277         55                  59 LCK_M_X                                                          1420161

(1 rows affected)
ts                      session_id blocking_session_id wait_type                                                    wait_time  
----------------------- ---------- ------------------- ------------------------------------------------------------ -----------
2026-09-19 03:16:41.277         55                  59 LCK_M_X                                                          1421162

(1 rows affected)
ts                      session_id blocking_session_id wait_type                                                    wait_time  
----------------------- ---------- ------------------- ------------------------------------------------------------ -----------
2026-09-19 03:16:42.280         55                  59 LCK_M_X                                                          1422164

(1 rows affected)
ts                      session_id blocking_session_id wait_type                                                    wait_time  
----------------------- ---------- ------------------- ------------------------------------------------------------ -----------
2026-09-19 03:16:43.283         55                  59 LCK_M_X                                                          1423167

(1 rows affected)
ts                      session_id blocking_session_id wait_type                                                    wait_time  
----------------------- ---------- ------------------- ------------------------------------------------------------ -----------
2026-09-19 03:16:44.287         55                  59 LCK_M_X                                                          1424169

(1 rows affected)
ts                      session_id blocking_session_id wait_type                                                    wait_time  
----------------------- ---------- ------------------- ------------------------------------------------------------ -----------
2026-09-19 03:16:45.290         55                  59 LCK_M_X                                                          1425171

(1 rows affected)
ts                      session_id blocking_session_id wait_type                                                    wait_time  
----------------------- ---------- ------------------- ------------------------------------------------------------ -----------
2026-09-19 03:16:46.290         55                  59 LCK_M_X                                                          1426173

(1 rows affected)
ts                      session_id blocking_session_id wait_type                                                    wait_time  
----------------------- ---------- ------------------- ------------------------------------------------------------ -----------
2026-09-19 03:16:47.290         55                  59 LCK_M_X                                                          1427175

(1 rows affected)
ts                      session_id blocking_session_id wait_type                                                    wait_time  
----------------------- ---------- ------------------- ------------------------------------------------------------ -----------
2026-09-19 03:16:48.293         55                  59 LCK_M_X                                                          1428177

(1 rows affected)
ts                      session_id blocking_session_id wait_type                                                    wait_time  
----------------------- ---------- ------------------- ------------------------------------------------------------ -----------
2026-09-19 03:16:49.297         55                  59 LCK_M_X                                                          1429179

(1 rows affected)
ts                      session_id blocking_session_id wait_type                                                    wait_time  
----------------------- ---------- ------------------- ------------------------------------------------------------ -----------
2026-09-19 03:16:50.300         55                  59 LCK_M_X                                                          1430181

(1 rows affected)
ts                      session_id blocking_session_id wait_type                                                    wait_time  
----------------------- ---------- ------------------- ------------------------------------------------------------ -----------
2026-09-19 03:16:51.300         55                  59 LCK_M_X                                                          1431183

(1 rows affected)
ts                      session_id blocking_session_id wait_type                                                    wait_time  
----------------------- ---------- ------------------- ------------------------------------------------------------ -----------
2026-09-19 03:16:52.300         55                  59 LCK_M_X                                                          1432185

(1 rows affected)
ts                      session_id blocking_session_id wait_type                                                    wait_time  
----------------------- ---------- ------------------- ------------------------------------------------------------ -----------
2026-09-19 03:16:53.303         55                  59 LCK_M_X                                                          1433187

(1 rows affected)
ts                      session_id blocking_session_id wait_type                                                    wait_time  
----------------------- ---------- ------------------- ------------------------------------------------------------ -----------
2026-09-19 03:16:54.307         55                  59 LCK_M_X                                                          1434189

(1 rows affected)
ts                      session_id blocking_session_id wait_type                                                    wait_time  
----------------------- ---------- ------------------- ------------------------------------------------------------ -----------
2026-09-19 03:16:55.310         55                  59 LCK_M_X                                                          1435191

(1 rows affected)
ts                      session_id blocking_session_id wait_type                                                    wait_time  
----------------------- ---------- ------------------- ------------------------------------------------------------ -----------
2026-09-19 03:16:56.310         55                  59 LCK_M_X                                                          1436193

(1 rows affected)
ts                      session_id blocking_session_id wait_type                                                    wait_time  
----------------------- ---------- ------------------- ------------------------------------------------------------ -----------
2026-09-19 03:16:57.310         55                  59 LCK_M_X                                                          1437195

(1 rows affected)
ts                      session_id blocking_session_id wait_type                                                    wait_time  
----------------------- ---------- ------------------- ------------------------------------------------------------ -----------
2026-09-19 03:16:58.313         55                  59 LCK_M_X                                                          1438197

(1 rows affected)
ts                      session_id blocking_session_id wait_type                                                    wait_time  
----------------------- ---------- ------------------- ------------------------------------------------------------ -----------
2026-09-19 03:16:59.317         55                  59 LCK_M_X                                                          1439199

(1 rows affected)
ts                      session_id blocking_session_id wait_type                                                    wait_time  
----------------------- ---------- ------------------- ------------------------------------------------------------ -----------
2026-09-19 03:17:00.320         55                  59 LCK_M_X                                                          1440201

(1 rows affected)
ts                      session_id blocking_session_id wait_type                                                    wait_time  
----------------------- ---------- ------------------- ------------------------------------------------------------ -----------
2026-09-19 03:17:01.320         55                  59 LCK_M_X                                                          1441203

(1 rows affected)
ts                      session_id blocking_session_id wait_type                                                    wait_time  
----------------------- ---------- ------------------- ------------------------------------------------------------ -----------
2026-09-19 03:17:02.320         55                  59 LCK_M_X                                                          1442205

(1 rows affected)
ts                      session_id blocking_session_id wait_type                                                    wait_time  
----------------------- ---------- ------------------- ------------------------------------------------------------ -----------
2026-09-19 03:17:03.323         55                  59 LCK_M_X                                                          1443207

(1 rows affected)
ts                      session_id blocking_session_id wait_type                                                    wait_time  
----------------------- ---------- ------------------- ------------------------------------------------------------ -----------
2026-09-19 03:17:04.323         55                  59 LCK_M_X                                                          1444209

(1 rows affected)
ts                      session_id blocking_session_id wait_type                                                    wait_time  
----------------------- ---------- ------------------- ------------------------------------------------------------ -----------
2026-09-19 03:17:05.330         55                  59 LCK_M_X                                                          1445211

(1 rows affected)
ts                      session_id blocking_session_id wait_type                                                    wait_time  
----------------------- ---------- ------------------- ------------------------------------------------------------ -----------
2026-09-19 03:17:06.330         55                  59 LCK_M_X                                                          1446213

(1 rows affected)
ts                      session_id blocking_session_id wait_type                                                    wait_time  
----------------------- ---------- ------------------- ------------------------------------------------------------ -----------
2026-09-19 03:17:07.330         55                  59 LCK_M_X                                                          1447216

(1 rows affected)
ts                      session_id blocking_session_id wait_type                                                    wait_time  
----------------------- ---------- ------------------- ------------------------------------------------------------ -----------
2026-09-19 03:17:08.333         55                  59 LCK_M_X                                                          1448218

(1 rows affected)
ts                      session_id blocking_session_id wait_type                                                    wait_time  
----------------------- ---------- ------------------- ------------------------------------------------------------ -----------
2026-09-19 03:17:09.337         55                  59 LCK_M_X                                                          1449220

(1 rows affected)
ts                      session_id blocking_session_id wait_type                                                    wait_time  
----------------------- ---------- ------------------- ------------------------------------------------------------ -----------
2026-09-19 03:17:10.340         55                  59 LCK_M_X                                                          1450222

(1 rows affected)
ts                      session_id blocking_session_id wait_type                                                    wait_time  
----------------------- ---------- ------------------- ------------------------------------------------------------ -----------
2026-09-19 03:17:11.340         55                  59 LCK_M_X                                                          1451224

(1 rows affected)
ts                      session_id blocking_session_id wait_type                                                    wait_time  
----------------------- ---------- ------------------- ------------------------------------------------------------ -----------
2026-09-19 03:17:12.343         55                  59 LCK_M_X                                                          1452226

(1 rows affected)
ts                      session_id blocking_session_id wait_type                                                    wait_time  
----------------------- ---------- ------------------- ------------------------------------------------------------ -----------
2026-09-19 03:17:13.347         55                  59 LCK_M_X                                                          1453228

(1 rows affected)
ts                      session_id blocking_session_id wait_type                                                    wait_time  
----------------------- ---------- ------------------- ------------------------------------------------------------ -----------
2026-09-19 03:17:14.347         55                  59 LCK_M_X                                                          1454230

(1 rows affected)
ts                      session_id blocking_session_id wait_type                                                    wait_time  
----------------------- ---------- ------------------- ------------------------------------------------------------ -----------
2026-09-19 03:17:15.350         55                  59 LCK_M_X                                                          1455232

(1 rows affected)
ts                      session_id blocking_session_id wait_type                                                    wait_time  
----------------------- ---------- ------------------- ------------------------------------------------------------ -----------
2026-09-19 03:17:16.350         55                  59 LCK_M_X                                                          1456234

(1 rows affected)
ts                      session_id blocking_session_id wait_type                                                    wait_time  
----------------------- ---------- ------------------- ------------------------------------------------------------ -----------
2026-09-19 03:17:17.353         55                  59 LCK_M_X                                                          1457236

(1 rows affected)
ts                      session_id blocking_session_id wait_type                                                    wait_time  
----------------------- ---------- ------------------- ------------------------------------------------------------ -----------
2026-09-19 03:17:18.357         55                  59 LCK_M_X                                                          1458238

(1 rows affected)
ts                      session_id blocking_session_id wait_type                                                    wait_time  
----------------------- ---------- ------------------- ------------------------------------------------------------ -----------
2026-09-19 03:17:19.357         55                  59 LCK_M_X                                                          1459240

(1 rows affected)
ts                      session_id blocking_session_id wait_type                                                    wait_time  
----------------------- ---------- ------------------- ------------------------------------------------------------ -----------
2026-09-19 03:17:20.360         55                  59 LCK_M_X                                                          1460242

(1 rows affected)
ts                      session_id blocking_session_id wait_type                                                    wait_time  
----------------------- ---------- ------------------- ------------------------------------------------------------ -----------
2026-09-19 03:17:21.360         55                  59 LCK_M_X                                                          1461244

(1 rows affected)
ts                      session_id blocking_session_id wait_type                                                    wait_time  
----------------------- ---------- ------------------- ------------------------------------------------------------ -----------
2026-09-19 03:17:22.367         55                  59 LCK_M_X                                                          1462246

(1 rows affected)
ts                      session_id blocking_session_id wait_type                                                    wait_time  
----------------------- ---------- ------------------- ------------------------------------------------------------ -----------
2026-09-19 03:17:23.363         55                  59 LCK_M_X                                                          1463248

(1 rows affected)
ts                      session_id blocking_session_id wait_type                                                    wait_time  
----------------------- ---------- ------------------- ------------------------------------------------------------ -----------
2026-09-19 03:17:24.367         55                  59 LCK_M_X                                                          1464250

(1 rows affected)
ts                      session_id blocking_session_id wait_type                                                    wait_time  
----------------------- ---------- ------------------- ------------------------------------------------------------ -----------
2026-09-19 03:17:25.370         55                  59 LCK_M_X                                                          1465252

(1 rows affected)
ts                      session_id blocking_session_id wait_type                                                    wait_time  
----------------------- ---------- ------------------- ------------------------------------------------------------ -----------
2026-09-19 03:17:26.370         55                  59 LCK_M_X                                                          1466254

(1 rows affected)
ts                      session_id blocking_session_id wait_type                                                    wait_time  
----------------------- ---------- ------------------- ------------------------------------------------------------ -----------
2026-09-19 03:17:27.377         55                  59 LCK_M_X                                                          1467256

(1 rows affected)
ts                      session_id blocking_session_id wait_type                                                    wait_time  
----------------------- ---------- ------------------- ------------------------------------------------------------ -----------
2026-09-19 03:17:28.377         55                  59 LCK_M_X                                                          1468258

(1 rows affected)
ts                      session_id blocking_session_id wait_type                                                    wait_time  
----------------------- ---------- ------------------- ------------------------------------------------------------ -----------
2026-09-19 03:17:29.380         55                  59 LCK_M_X                                                          1469261

(1 rows affected)
ts                      session_id blocking_session_id wait_type                                                    wait_time  
----------------------- ---------- ------------------- ------------------------------------------------------------ -----------
2026-09-19 03:17:30.380         55                  59 LCK_M_X                                                          1470263

(1 rows affected)
ts                      session_id blocking_session_id wait_type                                                    wait_time  
----------------------- ---------- ------------------- ------------------------------------------------------------ -----------
2026-09-19 03:17:31.380         55                  59 LCK_M_X                                                          1471265

(1 rows affected)
ts                      session_id blocking_session_id wait_type                                                    wait_time  
----------------------- ---------- ------------------- ------------------------------------------------------------ -----------
2026-09-19 03:17:32.383         55                  59 LCK_M_X                                                          1472267

(1 rows affected)
ts                      session_id blocking_session_id wait_type                                                    wait_time  
----------------------- ---------- ------------------- ------------------------------------------------------------ -----------
2026-09-19 03:17:33.387         55                  59 LCK_M_X                                                          1473269

(1 rows affected)
ts                      session_id blocking_session_id wait_type                                                    wait_time  
----------------------- ---------- ------------------- ------------------------------------------------------------ -----------
2026-09-19 03:17:34.387         55                  59 LCK_M_X                                                          1474271

(1 rows affected)
ts                      session_id blocking_session_id wait_type                                                    wait_time  
----------------------- ---------- ------------------- ------------------------------------------------------------ -----------
2026-09-19 03:17:35.390         55                  59 LCK_M_X                                                          1475273

(1 rows affected)
ts                      session_id blocking_session_id wait_type                                                    wait_time  
----------------------- ---------- ------------------- ------------------------------------------------------------ -----------
2026-09-19 03:17:36.393         55                  59 LCK_M_X                                                          1476275

(1 rows affected)
ts                      session_id blocking_session_id wait_type                                                    wait_time  
----------------------- ---------- ------------------- ------------------------------------------------------------ -----------
2026-09-19 03:17:37.393         55                  59 LCK_M_X                                                          1477277

(1 rows affected)
ts                      session_id blocking_session_id wait_type                                                    wait_time  
----------------------- ---------- ------------------- ------------------------------------------------------------ -----------
2026-09-19 03:17:38.400         55                  59 LCK_M_X                                                          1478279

(1 rows affected)
ts                      session_id blocking_session_id wait_type                                                    wait_time  
----------------------- ---------- ------------------- ------------------------------------------------------------ -----------
2026-09-19 03:17:39.400         55                  59 LCK_M_X                                                          1479281

(1 rows affected)
ts                      session_id blocking_session_id wait_type                                                    wait_time  
----------------------- ---------- ------------------- ------------------------------------------------------------ -----------
2026-09-19 03:17:40.397         55                  59 LCK_M_X                                                          1480283

(1 rows affected)
ts                      session_id blocking_session_id wait_type                                                    wait_time  
----------------------- ---------- ------------------- ------------------------------------------------------------ -----------
2026-09-19 03:17:41.400         55                  59 LCK_M_X                                                          1481285

(1 rows affected)
ts                      session_id blocking_session_id wait_type                                                    wait_time  
----------------------- ---------- ------------------- ------------------------------------------------------------ -----------
2026-09-19 03:17:42.403         55                  59 LCK_M_X                                                          1482287

(1 rows affected)
ts                      session_id blocking_session_id wait_type                                                    wait_time  
----------------------- ---------- ------------------- ------------------------------------------------------------ -----------
2026-09-19 03:17:43.407         55                  59 LCK_M_X                                                          1483288

(1 rows affected)
ts                      session_id blocking_session_id wait_type                                                    wait_time  
----------------------- ---------- ------------------- ------------------------------------------------------------ -----------
2026-09-19 03:17:44.407         55                  59 LCK_M_X                                                          1484290

(1 rows affected)
ts                      session_id blocking_session_id wait_type                                                    wait_time  
----------------------- ---------- ------------------- ------------------------------------------------------------ -----------
2026-09-19 03:17:45.410         55                  59 LCK_M_X                                                          1485293

(1 rows affected)
ts                      session_id blocking_session_id wait_type                                                    wait_time  
----------------------- ---------- ------------------- ------------------------------------------------------------ -----------
2026-09-19 03:17:46.410         55                  59 LCK_M_X                                                          1486295

(1 rows affected)
ts                      session_id blocking_session_id wait_type                                                    wait_time  
----------------------- ---------- ------------------- ------------------------------------------------------------ -----------
2026-09-19 03:17:47.417         55                  59 LCK_M_X                                                          1487297

(1 rows affected)
ts                      session_id blocking_session_id wait_type                                                    wait_time  
----------------------- ---------- ------------------- ------------------------------------------------------------ -----------
2026-09-19 03:17:48.417         55                  59 LCK_M_X                                                          1488298

(1 rows affected)
ts                      session_id blocking_session_id wait_type                                                    wait_time  
----------------------- ---------- ------------------- ------------------------------------------------------------ -----------
2026-09-19 03:17:49.420         55                  59 LCK_M_X                                                          1489301

(1 rows affected)
ts                      session_id blocking_session_id wait_type                                                    wait_time  
----------------------- ---------- ------------------- ------------------------------------------------------------ -----------
2026-09-19 03:17:50.420         55                  59 LCK_M_X                                                          1490303

(1 rows affected)
ts                      session_id blocking_session_id wait_type                                                    wait_time  
----------------------- ---------- ------------------- ------------------------------------------------------------ -----------
2026-09-19 03:17:51.423         55                  59 LCK_M_X                                                          1491305

(1 rows affected)
ts                      session_id blocking_session_id wait_type                                                    wait_time  
----------------------- ---------- ------------------- ------------------------------------------------------------ -----------
2026-09-19 03:17:52.427         55                  59 LCK_M_X                                                          1492307

(1 rows affected)
ts                      session_id blocking_session_id wait_type                                                    wait_time  
----------------------- ---------- ------------------- ------------------------------------------------------------ -----------
2026-09-19 03:17:53.427         55                  59 LCK_M_X                                                          1493309

(1 rows affected)
ts                      session_id blocking_session_id wait_type                                                    wait_time  
----------------------- ---------- ------------------- ------------------------------------------------------------ -----------
2026-09-19 03:17:54.430         55                  59 LCK_M_X                                                          1494311

(1 rows affected)
ts                      session_id blocking_session_id wait_type                                                    wait_time  
----------------------- ---------- ------------------- ------------------------------------------------------------ -----------
2026-09-19 03:17:55.430         55                  59 LCK_M_X                                                          1495313

(1 rows affected)
ts                      session_id blocking_session_id wait_type                                                    wait_time  
----------------------- ---------- ------------------- ------------------------------------------------------------ -----------
2026-09-19 03:17:56.430         55                  59 LCK_M_X                                                          1496315

(1 rows affected)
ts                      session_id blocking_session_id wait_type                                                    wait_time  
----------------------- ---------- ------------------- ------------------------------------------------------------ -----------
2026-09-19 03:17:57.433         55                  59 LCK_M_X                                                          1497317

(1 rows affected)
ts                      session_id blocking_session_id wait_type                                                    wait_time  
----------------------- ---------- ------------------- ------------------------------------------------------------ -----------
2026-09-19 03:17:58.437         55                  59 LCK_M_X                                                          1498318

(1 rows affected)
ts                      session_id blocking_session_id wait_type                                                    wait_time  
----------------------- ---------- ------------------- ------------------------------------------------------------ -----------
2026-09-19 03:17:59.437         55                  59 LCK_M_X                                                          1499321

(1 rows affected)
ts                      session_id blocking_session_id wait_type                                                    wait_time  
----------------------- ---------- ------------------- ------------------------------------------------------------ -----------
2026-09-19 03:18:00.440         55                  59 LCK_M_X                                                          1500323

(1 rows affected)
ts                      session_id blocking_session_id wait_type                                                    wait_time  
----------------------- ---------- ------------------- ------------------------------------------------------------ -----------
2026-09-19 03:18:01.443         55                  59 LCK_M_X                                                          1501325

(1 rows affected)
ts                      session_id blocking_session_id wait_type                                                    wait_time  
----------------------- ---------- ------------------- ------------------------------------------------------------ -----------
2026-09-19 03:18:02.447         55                  59 LCK_M_X                                                          1502327

(1 rows affected)
ts                      session_id blocking_session_id wait_type                                                    wait_time  
----------------------- ---------- ------------------- ------------------------------------------------------------ -----------
2026-09-19 03:18:03.443         55                  59 LCK_M_X                                                          1503329

(1 rows affected)
ts                      session_id blocking_session_id wait_type                                                    wait_time  
----------------------- ---------- ------------------- ------------------------------------------------------------ -----------
2026-09-19 03:18:04.447         55                  59 LCK_M_X                                                          1504331

(1 rows affected)
ts                      session_id blocking_session_id wait_type                                                    wait_time  
----------------------- ---------- ------------------- ------------------------------------------------------------ -----------
2026-09-19 03:18:05.450         55                  59 LCK_M_X                                                          1505333

(1 rows affected)
ts                      session_id blocking_session_id wait_type                                                    wait_time  
----------------------- ---------- ------------------- ------------------------------------------------------------ -----------
2026-09-19 03:18:06.453         55                  59 LCK_M_X                                                          1506335

(1 rows affected)
ts                      session_id blocking_session_id wait_type                                                    wait_time  
----------------------- ---------- ------------------- ------------------------------------------------------------ -----------
2026-09-19 03:18:07.457         55                  59 LCK_M_X                                                          1507337

(1 rows affected)
ts                      session_id blocking_session_id wait_type                                                    wait_time  
----------------------- ---------- ------------------- ------------------------------------------------------------ -----------
2026-09-19 03:18:08.453         55                  59 LCK_M_X                                                          1508339

(1 rows affected)
ts                      session_id blocking_session_id wait_type                                                    wait_time  
----------------------- ---------- ------------------- ------------------------------------------------------------ -----------
2026-09-19 03:18:09.457         55                  59 LCK_M_X                                                          1509341

(1 rows affected)
ts                      session_id blocking_session_id wait_type                                                    wait_time  
----------------------- ---------- ------------------- ------------------------------------------------------------ -----------
2026-09-19 03:18:10.460         55                  59 LCK_M_X                                                          1510343

(1 rows affected)
ts                      session_id blocking_session_id wait_type                                                    wait_time  
----------------------- ---------- ------------------- ------------------------------------------------------------ -----------
2026-09-19 03:18:11.463         55                  59 LCK_M_X                                                          1511345

(1 rows affected)
ts                      session_id blocking_session_id wait_type                                                    wait_time  
----------------------- ---------- ------------------- ------------------------------------------------------------ -----------
2026-09-19 03:18:12.463         55                  59 LCK_M_X                                                          1512346

(1 rows affected)
ts                      session_id blocking_session_id wait_type                                                    wait_time  
----------------------- ---------- ------------------- ------------------------------------------------------------ -----------
2026-09-19 03:18:13.463         55                  59 LCK_M_X                                                          1513348

(1 rows affected)
ts                      session_id blocking_session_id wait_type                                                    wait_time  
----------------------- ---------- ------------------- ------------------------------------------------------------ -----------
2026-09-19 03:18:14.467         55                  59 LCK_M_X                                                          1514350

(1 rows affected)
ts                      session_id blocking_session_id wait_type                                                    wait_time  
----------------------- ---------- ------------------- ------------------------------------------------------------ -----------
2026-09-19 03:18:15.470         55                  59 LCK_M_X                                                          1515352

(1 rows affected)
ts                      session_id blocking_session_id wait_type                                                    wait_time  
----------------------- ---------- ------------------- ------------------------------------------------------------ -----------
2026-09-19 03:18:16.473         55                  59 LCK_M_X                                                          1516354

(1 rows affected)
ts                      session_id blocking_session_id wait_type                                                    wait_time  
----------------------- ---------- ------------------- ------------------------------------------------------------ -----------
2026-09-19 03:18:17.470         55                  59 LCK_M_X                                                          1517356

(1 rows affected)
ts                      session_id blocking_session_id wait_type                                                    wait_time  
----------------------- ---------- ------------------- ------------------------------------------------------------ -----------
2026-09-19 03:18:18.473         55                  59 LCK_M_X                                                          1518358

(1 rows affected)
ts                      session_id blocking_session_id wait_type                                                    wait_time  
----------------------- ---------- ------------------- ------------------------------------------------------------ -----------
2026-09-19 03:18:19.477         55                  59 LCK_M_X                                                          1519360

(1 rows affected)
ts                      session_id blocking_session_id wait_type                                                    wait_time  
----------------------- ---------- ------------------- ------------------------------------------------------------ -----------
2026-09-19 03:18:20.480         55                  59 LCK_M_X                                                          1520362

(1 rows affected)
ts                      session_id blocking_session_id wait_type                                                    wait_time  
----------------------- ---------- ------------------- ------------------------------------------------------------ -----------
2026-09-19 03:18:21.480         55                  59 LCK_M_X                                                          1521364

(1 rows affected)
ts                      session_id blocking_session_id wait_type                                                    wait_time  
----------------------- ---------- ------------------- ------------------------------------------------------------ -----------
2026-09-19 03:18:22.483         55                  59 LCK_M_X                                                          1522366

(1 rows affected)
ts                      session_id blocking_session_id wait_type                                                    wait_time  
----------------------- ---------- ------------------- ------------------------------------------------------------ -----------
2026-09-19 03:18:23.483         55                  59 LCK_M_X                                                          1523368

(1 rows affected)
ts                      session_id blocking_session_id wait_type                                                    wait_time  
----------------------- ---------- ------------------- ------------------------------------------------------------ -----------
2026-09-19 03:18:24.490         55                  59 LCK_M_X                                                          1524370

(1 rows affected)
ts                      session_id blocking_session_id wait_type                                                    wait_time  
----------------------- ---------- ------------------- ------------------------------------------------------------ -----------
2026-09-19 03:18:25.490         55                  59 LCK_M_X                                                          1525371

(1 rows affected)
ts                      session_id blocking_session_id wait_type                                                    wait_time  
----------------------- ---------- ------------------- ------------------------------------------------------------ -----------
2026-09-19 03:18:26.490         55                  59 LCK_M_X                                                          1526373

(1 rows affected)
ts                      session_id blocking_session_id wait_type                                                    wait_time  
----------------------- ---------- ------------------- ------------------------------------------------------------ -----------
2026-09-19 03:18:27.490         55                  59 LCK_M_X                                                          1527374

(1 rows affected)
ts                      session_id blocking_session_id wait_type                                                    wait_time  
----------------------- ---------- ------------------- ------------------------------------------------------------ -----------
2026-09-19 03:18:28.493         55                  59 LCK_M_X                                                          1528376

(1 rows affected)
ts                      session_id blocking_session_id wait_type                                                    wait_time  
----------------------- ---------- ------------------- ------------------------------------------------------------ -----------
2026-09-19 03:18:29.497         55                  59 LCK_M_X                                                          1529378

(1 rows affected)
ts                      session_id blocking_session_id wait_type                                                    wait_time  
----------------------- ---------- ------------------- ------------------------------------------------------------ -----------
2026-09-19 03:18:30.497         55                  59 LCK_M_X                                                          1530379

(1 rows affected)
ts                      session_id blocking_session_id wait_type                                                    wait_time  
----------------------- ---------- ------------------- ------------------------------------------------------------ -----------
2026-09-19 03:18:31.500         55                  59 LCK_M_X                                                          1531381

(1 rows affected)
ts                      session_id blocking_session_id wait_type                                                    wait_time  
----------------------- ---------- ------------------- ------------------------------------------------------------ -----------
2026-09-19 03:18:32.500         55                  59 LCK_M_X                                                          1532383

(1 rows affected)
ts                      session_id blocking_session_id wait_type                                                    wait_time  
----------------------- ---------- ------------------- ------------------------------------------------------------ -----------
2026-09-19 03:18:33.503         55                  59 LCK_M_X                                                          1533384

(1 rows affected)
ts                      session_id blocking_session_id wait_type                                                    wait_time  
----------------------- ---------- ------------------- ------------------------------------------------------------ -----------
2026-09-19 03:18:34.500         55                  59 LCK_M_X                                                          1534386

(1 rows affected)
ts                      session_id blocking_session_id wait_type                                                    wait_time  
----------------------- ---------- ------------------- ------------------------------------------------------------ -----------
2026-09-19 03:18:35.503         55                  59 LCK_M_X                                                          1535388

(1 rows affected)
ts                      session_id blocking_session_id wait_type                                                    wait_time  
----------------------- ---------- ------------------- ------------------------------------------------------------ -----------
2026-09-19 03:18:36.507         55                  59 LCK_M_X                                                          1536389

(1 rows affected)
ts                      session_id blocking_session_id wait_type                                                    wait_time  
----------------------- ---------- ------------------- ------------------------------------------------------------ -----------
2026-09-19 03:18:37.510         55                  59 LCK_M_X                                                          1537390

(1 rows affected)
ts                      session_id blocking_session_id wait_type                                                    wait_time  
----------------------- ---------- ------------------- ------------------------------------------------------------ -----------
2026-09-19 03:18:38.510         55                  59 LCK_M_X                                                          1538392

(1 rows affected)
ts                      session_id blocking_session_id wait_type                                                    wait_time  
----------------------- ---------- ------------------- ------------------------------------------------------------ -----------
2026-09-19 03:18:39.513         55                  59 LCK_M_X                                                          1539394

(1 rows affected)
ts                      session_id blocking_session_id wait_type                                                    wait_time  
----------------------- ---------- ------------------- ------------------------------------------------------------ -----------
2026-09-19 03:18:40.513         55                  59 LCK_M_X                                                          1540396

(1 rows affected)
ts                      session_id blocking_session_id wait_type                                                    wait_time  
----------------------- ---------- ------------------- ------------------------------------------------------------ -----------
2026-09-19 03:18:41.513         55                  59 LCK_M_X                                                          1541398

(1 rows affected)
ts                      session_id blocking_session_id wait_type                                                    wait_time  
----------------------- ---------- ------------------- ------------------------------------------------------------ -----------
2026-09-19 03:18:42.517         55                  59 LCK_M_X                                                          1542399

(1 rows affected)
ts                      session_id blocking_session_id wait_type                                                    wait_time  
----------------------- ---------- ------------------- ------------------------------------------------------------ -----------
2026-09-19 03:18:43.520         55                  59 LCK_M_X                                                          1543401

(1 rows affected)
ts                      session_id blocking_session_id wait_type                                                    wait_time  
----------------------- ---------- ------------------- ------------------------------------------------------------ -----------
2026-09-19 03:18:44.520         55                  59 LCK_M_X                                                          1544402

(1 rows affected)
ts                      session_id blocking_session_id wait_type                                                    wait_time  
----------------------- ---------- ------------------- ------------------------------------------------------------ -----------
2026-09-19 03:18:45.523         55                  59 LCK_M_X                                                          1545404

(1 rows affected)
ts                      session_id blocking_session_id wait_type                                                    wait_time  
----------------------- ---------- ------------------- ------------------------------------------------------------ -----------
2026-09-19 03:18:46.520         55                  59 LCK_M_X                                                          1546406

(1 rows affected)
ts                      session_id blocking_session_id wait_type                                                    wait_time  
----------------------- ---------- ------------------- ------------------------------------------------------------ -----------
2026-09-19 03:18:47.523         55                  59 LCK_M_X                                                          1547408

(1 rows affected)
ts                      session_id blocking_session_id wait_type                                                    wait_time  
----------------------- ---------- ------------------- ------------------------------------------------------------ -----------
2026-09-19 03:18:48.527         55                  59 LCK_M_X                                                          1548409

(1 rows affected)
ts                      session_id blocking_session_id wait_type                                                    wait_time  
----------------------- ---------- ------------------- ------------------------------------------------------------ -----------
2026-09-19 03:18:49.530         55                  59 LCK_M_X                                                          1549411

(1 rows affected)
ts                      session_id blocking_session_id wait_type                                                    wait_time  
----------------------- ---------- ------------------- ------------------------------------------------------------ -----------
2026-09-19 03:18:50.530         55                  59 LCK_M_X                                                          1550413

(1 rows affected)
ts                      session_id blocking_session_id wait_type                                                    wait_time  
----------------------- ---------- ------------------- ------------------------------------------------------------ -----------
2026-09-19 03:18:51.530         55                  59 LCK_M_X                                                          1551415

(1 rows affected)
ts                      session_id blocking_session_id wait_type                                                    wait_time  
----------------------- ---------- ------------------- ------------------------------------------------------------ -----------
2026-09-19 03:18:52.533         55                  59 LCK_M_X                                                          1552416

(1 rows affected)
ts                      session_id blocking_session_id wait_type                                                    wait_time  
----------------------- ---------- ------------------- ------------------------------------------------------------ -----------
2026-09-19 03:18:53.533         55                  59 LCK_M_X                                                          1553418

(1 rows affected)
ts                      session_id blocking_session_id wait_type                                                    wait_time  
----------------------- ---------- ------------------- ------------------------------------------------------------ -----------
2026-09-19 03:18:54.537         55                  59 LCK_M_X                                                          1554420

(1 rows affected)
ts                      session_id blocking_session_id wait_type                                                    wait_time  
----------------------- ---------- ------------------- ------------------------------------------------------------ -----------
2026-09-19 03:18:55.540         55                  59 LCK_M_X                                                          1555422

(1 rows affected)
ts                      session_id blocking_session_id wait_type                                                    wait_time  
----------------------- ---------- ------------------- ------------------------------------------------------------ -----------
2026-09-19 03:18:56.543         55                  59 LCK_M_X                                                          1556423

(1 rows affected)
ts                      session_id blocking_session_id wait_type                                                    wait_time  
----------------------- ---------- ------------------- ------------------------------------------------------------ -----------
2026-09-19 03:18:57.540         55                  59 LCK_M_X                                                          1557425

(1 rows affected)
ts                      session_id blocking_session_id wait_type                                                    wait_time  
----------------------- ---------- ------------------- ------------------------------------------------------------ -----------
2026-09-19 03:18:58.543         55                  59 LCK_M_X                                                          1558427

(1 rows affected)
ts                      session_id blocking_session_id wait_type                                                    wait_time  
----------------------- ---------- ------------------- ------------------------------------------------------------ -----------
2026-09-19 03:18:59.547         55                  59 LCK_M_X                                                          1559429

(1 rows affected)
ts                      session_id blocking_session_id wait_type                                                    wait_time  
----------------------- ---------- ------------------- ------------------------------------------------------------ -----------
2026-09-19 03:19:00.550         55                  59 LCK_M_X                                                          1560431

(1 rows affected)
ts                      session_id blocking_session_id wait_type                                                    wait_time  
----------------------- ---------- ------------------- ------------------------------------------------------------ -----------
2026-09-19 03:19:01.550         55                  59 LCK_M_X                                                          1561432

(1 rows affected)
ts                      session_id blocking_session_id wait_type                                                    wait_time  
----------------------- ---------- ------------------- ------------------------------------------------------------ -----------
2026-09-19 03:19:02.550         55                  59 LCK_M_X                                                          1562434

(1 rows affected)
ts                      session_id blocking_session_id wait_type                                                    wait_time  
----------------------- ---------- ------------------- ------------------------------------------------------------ -----------
2026-09-19 03:19:03.553         55                  59 LCK_M_X                                                          1563436

(1 rows affected)
ts                      session_id blocking_session_id wait_type                                                    wait_time  
----------------------- ---------- ------------------- ------------------------------------------------------------ -----------
2026-09-19 03:19:04.557         55                  59 LCK_M_X                                                          1564438

(1 rows affected)
ts                      session_id blocking_session_id wait_type                                                    wait_time  
----------------------- ---------- ------------------- ------------------------------------------------------------ -----------
2026-09-19 03:19:05.560         55                  59 LCK_M_X                                                          1565439

(1 rows affected)
ts                      session_id blocking_session_id wait_type                                                    wait_time  
----------------------- ---------- ------------------- ------------------------------------------------------------ -----------
2026-09-19 03:19:06.560         55                  59 LCK_M_X                                                          1566441

(1 rows affected)
ts                      session_id blocking_session_id wait_type                                                    wait_time  
----------------------- ---------- ------------------- ------------------------------------------------------------ -----------
2026-09-19 03:19:07.557         55                  59 LCK_M_X                                                          1567443

(1 rows affected)
ts                      session_id blocking_session_id wait_type                                                    wait_time  
----------------------- ---------- ------------------- ------------------------------------------------------------ -----------
2026-09-19 03:19:08.560         55                  59 LCK_M_X                                                          1568445

(1 rows affected)
ts                      session_id blocking_session_id wait_type                                                    wait_time  
----------------------- ---------- ------------------- ------------------------------------------------------------ -----------
2026-09-19 03:19:09.563         55                  59 LCK_M_X                                                          1569446

(1 rows affected)
ts                      session_id blocking_session_id wait_type                                                    wait_time  
----------------------- ---------- ------------------- ------------------------------------------------------------ -----------
2026-09-19 03:19:10.567         55                  59 LCK_M_X                                                          1570448

(1 rows affected)
ts                      session_id blocking_session_id wait_type                                                    wait_time  
----------------------- ---------- ------------------- ------------------------------------------------------------ -----------
2026-09-19 03:19:11.567         55                  59 LCK_M_X                                                          1571450

(1 rows affected)
ts                      session_id blocking_session_id wait_type                                                    wait_time  
----------------------- ---------- ------------------- ------------------------------------------------------------ -----------
2026-09-19 03:19:12.567         55                  59 LCK_M_X                                                          1572452

(1 rows affected)
ts                      session_id blocking_session_id wait_type                                                    wait_time  
----------------------- ---------- ------------------- ------------------------------------------------------------ -----------
2026-09-19 03:19:13.573         55                  59 LCK_M_X                                                          1573454

(1 rows affected)
ts                      session_id blocking_session_id wait_type                                                    wait_time  
----------------------- ---------- ------------------- ------------------------------------------------------------ -----------
2026-09-19 03:19:14.570         55                  59 LCK_M_X                                                          1574455

(1 rows affected)
ts                      session_id blocking_session_id wait_type                                                    wait_time  
----------------------- ---------- ------------------- ------------------------------------------------------------ -----------
2026-09-19 03:19:15.577         55                  59 LCK_M_X                                                          1575458

(1 rows affected)
ts                      session_id blocking_session_id wait_type                                                    wait_time  
----------------------- ---------- ------------------- ------------------------------------------------------------ -----------
2026-09-19 03:19:16.577         55                  59 LCK_M_X                                                          1576460

(1 rows affected)
ts                      session_id blocking_session_id wait_type                                                    wait_time  
----------------------- ---------- ------------------- ------------------------------------------------------------ -----------
2026-09-19 03:19:17.577         55                  59 LCK_M_X                                                          1577462

(1 rows affected)
ts                      session_id blocking_session_id wait_type                                                    wait_time  
----------------------- ---------- ------------------- ------------------------------------------------------------ -----------
2026-09-19 03:19:18.580         55                  59 LCK_M_X                                                          1578464

(1 rows affected)
ts                      session_id blocking_session_id wait_type                                                    wait_time  
----------------------- ---------- ------------------- ------------------------------------------------------------ -----------
2026-09-19 03:19:19.583         55                  59 LCK_M_X                                                          1579466

(1 rows affected)
ts                      session_id blocking_session_id wait_type                                                    wait_time  
----------------------- ---------- ------------------- ------------------------------------------------------------ -----------
2026-09-19 03:19:20.587         55                  59 LCK_M_X                                                          1580467

(1 rows affected)
ts                      session_id blocking_session_id wait_type                                                    wait_time  
----------------------- ---------- ------------------- ------------------------------------------------------------ -----------
2026-09-19 03:19:21.587         55                  59 LCK_M_X                                                          1581469

(1 rows affected)
ts                      session_id blocking_session_id wait_type                                                    wait_time  
----------------------- ---------- ------------------- ------------------------------------------------------------ -----------
2026-09-19 03:19:22.590         55                  59 LCK_M_X                                                          1582471

(1 rows affected)
ts                      session_id blocking_session_id wait_type                                                    wait_time  
----------------------- ---------- ------------------- ------------------------------------------------------------ -----------
2026-09-19 03:19:23.590         55                  59 LCK_M_X                                                          1583473

(1 rows affected)
ts                      session_id blocking_session_id wait_type                                                    wait_time  
----------------------- ---------- ------------------- ------------------------------------------------------------ -----------
2026-09-19 03:19:24.590         55                  59 LCK_M_X                                                          1584474

(1 rows affected)
ts                      session_id blocking_session_id wait_type                                                    wait_time  
----------------------- ---------- ------------------- ------------------------------------------------------------ -----------
2026-09-19 03:19:25.590         55                  59 LCK_M_X                                                          1585476

(1 rows affected)
ts                      session_id blocking_session_id wait_type                                                    wait_time  
----------------------- ---------- ------------------- ------------------------------------------------------------ -----------
2026-09-19 03:19:26.597         55                  59 LCK_M_X                                                          1586478

(1 rows affected)
ts                      session_id blocking_session_id wait_type                                                    wait_time  
----------------------- ---------- ------------------- ------------------------------------------------------------ -----------
2026-09-19 03:19:27.600         55                  59 LCK_M_X                                                          1587480

(1 rows affected)
ts                      session_id blocking_session_id wait_type                                                    wait_time  
----------------------- ---------- ------------------- ------------------------------------------------------------ -----------
2026-09-19 03:19:28.600         55                  59 LCK_M_X                                                          1588482

(1 rows affected)
ts                      session_id blocking_session_id wait_type                                                    wait_time  
----------------------- ---------- ------------------- ------------------------------------------------------------ -----------
2026-09-19 03:19:29.603         55                  59 LCK_M_X                                                          1589483

(1 rows affected)
ts                      session_id blocking_session_id wait_type                                                    wait_time  
----------------------- ---------- ------------------- ------------------------------------------------------------ -----------
2026-09-19 03:19:30.600         55                  59 LCK_M_X                                                          1590485

(1 rows affected)
ts                      session_id blocking_session_id wait_type                                                    wait_time  
----------------------- ---------- ------------------- ------------------------------------------------------------ -----------
2026-09-19 03:19:31.603         55                  59 LCK_M_X                                                          1591487

(1 rows affected)
ts                      session_id blocking_session_id wait_type                                                    wait_time  
----------------------- ---------- ------------------- ------------------------------------------------------------ -----------
2026-09-19 03:19:32.607         55                  59 LCK_M_X                                                          1592489

(1 rows affected)
ts                      session_id blocking_session_id wait_type                                                    wait_time  
----------------------- ---------- ------------------- ------------------------------------------------------------ -----------
2026-09-19 03:19:33.607         55                  59 LCK_M_X                                                          1593490

(1 rows affected)
ts                      session_id blocking_session_id wait_type                                                    wait_time  
----------------------- ---------- ------------------- ------------------------------------------------------------ -----------
2026-09-19 03:19:34.610         55                  59 LCK_M_X                                                          1594492

(1 rows affected)
ts                      session_id blocking_session_id wait_type                                                    wait_time  
----------------------- ---------- ------------------- ------------------------------------------------------------ -----------
2026-09-19 03:19:35.610         55                  59 LCK_M_X                                                          1595494

(1 rows affected)
ts                      session_id blocking_session_id wait_type                                                    wait_time  
----------------------- ---------- ------------------- ------------------------------------------------------------ -----------
2026-09-19 03:19:36.613         55                  59 LCK_M_X                                                          1596496

(1 rows affected)
ts                      session_id blocking_session_id wait_type                                                    wait_time  
----------------------- ---------- ------------------- ------------------------------------------------------------ -----------
2026-09-19 03:19:37.617         55                  59 LCK_M_X                                                          1597498

(1 rows affected)
ts                      session_id blocking_session_id wait_type                                                    wait_time  
----------------------- ---------- ------------------- ------------------------------------------------------------ -----------
2026-09-19 03:19:38.617         55                  59 LCK_M_X                                                          1598500

(1 rows affected)
ts                      session_id blocking_session_id wait_type                                                    wait_time  
----------------------- ---------- ------------------- ------------------------------------------------------------ -----------
2026-09-19 03:19:39.620         55                  59 LCK_M_X                                                          1599502

(1 rows affected)
ts                      session_id blocking_session_id wait_type                                                    wait_time  
----------------------- ---------- ------------------- ------------------------------------------------------------ -----------
2026-09-19 03:19:40.620         55                  59 LCK_M_X                                                          1600503

(1 rows affected)
ts                      session_id blocking_session_id wait_type                                                    wait_time  
----------------------- ---------- ------------------- ------------------------------------------------------------ -----------
2026-09-19 03:19:41.623         55                  59 LCK_M_X                                                          1601505

(1 rows affected)
ts                      session_id blocking_session_id wait_type                                                    wait_time  
----------------------- ---------- ------------------- ------------------------------------------------------------ -----------
2026-09-19 03:19:42.627         55                  59 LCK_M_X                                                          1602508

(1 rows affected)
ts                      session_id blocking_session_id wait_type                                                    wait_time  
----------------------- ---------- ------------------- ------------------------------------------------------------ -----------
2026-09-19 03:19:43.627         55                  59 LCK_M_X                                                          1603509

(1 rows affected)
ts                      session_id blocking_session_id wait_type                                                    wait_time  
----------------------- ---------- ------------------- ------------------------------------------------------------ -----------
2026-09-19 03:19:44.630         55                  59 LCK_M_X                                                          1604511

(1 rows affected)
ts                      session_id blocking_session_id wait_type                                                    wait_time  
----------------------- ---------- ------------------- ------------------------------------------------------------ -----------
2026-09-19 03:19:45.627         55                  59 LCK_M_X                                                          1605513

(1 rows affected)
ts                      session_id blocking_session_id wait_type                                                    wait_time  
----------------------- ---------- ------------------- ------------------------------------------------------------ -----------
2026-09-19 03:19:46.630         55                  59 LCK_M_X                                                          1606515

(1 rows affected)
ts                      session_id blocking_session_id wait_type                                                    wait_time  
----------------------- ---------- ------------------- ------------------------------------------------------------ -----------
2026-09-19 03:19:47.633         55                  59 LCK_M_X                                                          1607516

(1 rows affected)
ts                      session_id blocking_session_id wait_type                                                    wait_time  
----------------------- ---------- ------------------- ------------------------------------------------------------ -----------
2026-09-19 03:19:48.637         55                  59 LCK_M_X                                                          1608518

(1 rows affected)
ts                      session_id blocking_session_id wait_type                                                    wait_time  
----------------------- ---------- ------------------- ------------------------------------------------------------ -----------
2026-09-19 03:19:49.640         55                  59 LCK_M_X                                                          1609520

(1 rows affected)
ts                      session_id blocking_session_id wait_type                                                    wait_time  
----------------------- ---------- ------------------- ------------------------------------------------------------ -----------
2026-09-19 03:19:50.637         55                  59 LCK_M_X                                                          1610522

(1 rows affected)
ts                      session_id blocking_session_id wait_type                                                    wait_time  
----------------------- ---------- ------------------- ------------------------------------------------------------ -----------
2026-09-19 03:19:51.640         55                  59 LCK_M_X                                                          1611523

(1 rows affected)
ts                      session_id blocking_session_id wait_type                                                    wait_time  
----------------------- ---------- ------------------- ------------------------------------------------------------ -----------
2026-09-19 03:19:52.643         55                  59 LCK_M_X                                                          1612525

(1 rows affected)
ts                      session_id blocking_session_id wait_type                                                    wait_time  
----------------------- ---------- ------------------- ------------------------------------------------------------ -----------
2026-09-19 03:19:53.643         55                  59 LCK_M_X                                                          1613527

(1 rows affected)
ts                      session_id blocking_session_id wait_type                                                    wait_time  
----------------------- ---------- ------------------- ------------------------------------------------------------ -----------
2026-09-19 03:19:54.647         55                  59 LCK_M_X                                                          1614529

(1 rows affected)
ts                      session_id blocking_session_id wait_type                                                    wait_time  
----------------------- ---------- ------------------- ------------------------------------------------------------ -----------
2026-09-19 03:19:55.650         55                  59 LCK_M_X                                                          1615531

(1 rows affected)
ts                      session_id blocking_session_id wait_type                                                    wait_time  
----------------------- ---------- ------------------- ------------------------------------------------------------ -----------
2026-09-19 03:19:56.650         55                  59 LCK_M_X                                                          1616533

(1 rows affected)
ts                      session_id blocking_session_id wait_type                                                    wait_time  
----------------------- ---------- ------------------- ------------------------------------------------------------ -----------
2026-09-19 03:19:57.650         55                  59 LCK_M_X                                                          1617534

(1 rows affected)
ts                      session_id blocking_session_id wait_type                                                    wait_time  
----------------------- ---------- ------------------- ------------------------------------------------------------ -----------
2026-09-19 03:19:58.650         55                  59 LCK_M_X                                                          1618536

(1 rows affected)
ts                      session_id blocking_session_id wait_type                                                    wait_time  
----------------------- ---------- ------------------- ------------------------------------------------------------ -----------
2026-09-19 03:19:59.653         55                  59 LCK_M_X                                                          1619537

(1 rows affected)
ts                      session_id blocking_session_id wait_type                                                    wait_time  
----------------------- ---------- ------------------- ------------------------------------------------------------ -----------
2026-09-19 03:20:00.657         55                  59 LCK_M_X                                                          1620539

(1 rows affected)
ts                      session_id blocking_session_id wait_type                                                    wait_time  
----------------------- ---------- ------------------- ------------------------------------------------------------ -----------
2026-09-19 03:20:01.660         55                  59 LCK_M_X                                                          1621541

(1 rows affected)
ts                      session_id blocking_session_id wait_type                                                    wait_time  
----------------------- ---------- ------------------- ------------------------------------------------------------ -----------
2026-09-19 03:20:02.660         55                  59 LCK_M_X                                                          1622543

(1 rows affected)
ts                      session_id blocking_session_id wait_type                                                    wait_time  
----------------------- ---------- ------------------- ------------------------------------------------------------ -----------
2026-09-19 03:20:03.663         55                  59 LCK_M_X                                                          1623544

(1 rows affected)
ts                      session_id blocking_session_id wait_type                                                    wait_time  
----------------------- ---------- ------------------- ------------------------------------------------------------ -----------
2026-09-19 03:20:04.663         55                  59 LCK_M_X                                                          1624546

(1 rows affected)
ts                      session_id blocking_session_id wait_type                                                    wait_time  
----------------------- ---------- ------------------- ------------------------------------------------------------ -----------
2026-09-19 03:20:05.663         55                  59 LCK_M_X                                                          1625548

(1 rows affected)
ts                      session_id blocking_session_id wait_type                                                    wait_time  
----------------------- ---------- ------------------- ------------------------------------------------------------ -----------
2026-09-19 03:20:06.667         55                  59 LCK_M_X                                                          1626550

(1 rows affected)
ts                      session_id blocking_session_id wait_type                                                    wait_time  
----------------------- ---------- ------------------- ------------------------------------------------------------ -----------
2026-09-19 03:20:07.667         55                  59 LCK_M_X                                                          1627552

(1 rows affected)
ts                      session_id blocking_session_id wait_type                                                    wait_time  
----------------------- ---------- ------------------- ------------------------------------------------------------ -----------
2026-09-19 03:20:08.670         55                  59 LCK_M_X                                                          1628554

(1 rows affected)
ts                      session_id blocking_session_id wait_type                                                    wait_time  
----------------------- ---------- ------------------- ------------------------------------------------------------ -----------
2026-09-19 03:20:09.670         55                  59 LCK_M_X                                                          1629555

(1 rows affected)
ts                      session_id blocking_session_id wait_type                                                    wait_time  
----------------------- ---------- ------------------- ------------------------------------------------------------ -----------
2026-09-19 03:20:10.673         55                  59 LCK_M_X                                                          1630557

(1 rows affected)
ts                      session_id blocking_session_id wait_type                                                    wait_time  
----------------------- ---------- ------------------- ------------------------------------------------------------ -----------
2026-09-19 03:20:11.677         55                  59 LCK_M_X                                                          1631559

(1 rows affected)
ts                      session_id blocking_session_id wait_type                                                    wait_time  
----------------------- ---------- ------------------- ------------------------------------------------------------ -----------
2026-09-19 03:20:12.680         55                  59 LCK_M_X                                                          1632561

(1 rows affected)
ts                      session_id blocking_session_id wait_type                                                    wait_time  
----------------------- ---------- ------------------- ------------------------------------------------------------ -----------
2026-09-19 03:20:13.680         55                  59 LCK_M_X                                                          1633562

(1 rows affected)
ts                      session_id blocking_session_id wait_type                                                    wait_time  
----------------------- ---------- ------------------- ------------------------------------------------------------ -----------
2026-09-19 03:20:14.683         55                  59 LCK_M_X                                                          1634564

(1 rows affected)
ts                      session_id blocking_session_id wait_type                                                    wait_time  
----------------------- ---------- ------------------- ------------------------------------------------------------ -----------
2026-09-19 03:20:15.683         55                  59 LCK_M_X                                                          1635566

(1 rows affected)
ts                      session_id blocking_session_id wait_type                                                    wait_time  
----------------------- ---------- ------------------- ------------------------------------------------------------ -----------
2026-09-19 03:20:16.683         55                  59 LCK_M_X                                                          1636568

(1 rows affected)
ts                      session_id blocking_session_id wait_type                                                    wait_time  
----------------------- ---------- ------------------- ------------------------------------------------------------ -----------
2026-09-19 03:20:17.687         55                  59 LCK_M_X                                                          1637570

(1 rows affected)
ts                      session_id blocking_session_id wait_type                                                    wait_time  
----------------------- ---------- ------------------- ------------------------------------------------------------ -----------
2026-09-19 03:20:18.690         55                  59 LCK_M_X                                                          1638572

(1 rows affected)
ts                      session_id blocking_session_id wait_type                                                    wait_time  
----------------------- ---------- ------------------- ------------------------------------------------------------ -----------
2026-09-19 03:20:19.693         55                  59 LCK_M_X                                                          1639574

(1 rows affected)
ts                      session_id blocking_session_id wait_type                                                    wait_time  
----------------------- ---------- ------------------- ------------------------------------------------------------ -----------
2026-09-19 03:20:20.697         55                  59 LCK_M_X                                                          1640576

(1 rows affected)
ts                      session_id blocking_session_id wait_type                                                    wait_time  
----------------------- ---------- ------------------- ------------------------------------------------------------ -----------
2026-09-19 03:20:21.693         55                  59 LCK_M_X                                                          1641578

(1 rows affected)
ts                      session_id blocking_session_id wait_type                                                    wait_time  
----------------------- ---------- ------------------- ------------------------------------------------------------ -----------
2026-09-19 03:20:22.697         55                  59 LCK_M_X                                                          1642580

(1 rows affected)
ts                      session_id blocking_session_id wait_type                                                    wait_time  
----------------------- ---------- ------------------- ------------------------------------------------------------ -----------
2026-09-19 03:20:23.697         55                  59 LCK_M_X                                                          1643581

(1 rows affected)
ts                      session_id blocking_session_id wait_type                                                    wait_time  
----------------------- ---------- ------------------- ------------------------------------------------------------ -----------
2026-09-19 03:20:24.700         55                  59 LCK_M_X                                                          1644583

(1 rows affected)
ts                      session_id blocking_session_id wait_type                                                    wait_time  
----------------------- ---------- ------------------- ------------------------------------------------------------ -----------
2026-09-19 03:20:25.703         55                  59 LCK_M_X                                                          1645585

(1 rows affected)
ts                      session_id blocking_session_id wait_type                                                    wait_time  
----------------------- ---------- ------------------- ------------------------------------------------------------ -----------
2026-09-19 03:20:26.703         55                  59 LCK_M_X                                                          1646587

(1 rows affected)
ts                      session_id blocking_session_id wait_type                                                    wait_time  
----------------------- ---------- ------------------- ------------------------------------------------------------ -----------
2026-09-19 03:20:27.707         55                  59 LCK_M_X                                                          1647588

(1 rows affected)
ts                      session_id blocking_session_id wait_type                                                    wait_time  
----------------------- ---------- ------------------- ------------------------------------------------------------ -----------
2026-09-19 03:20:28.707         55                  59 LCK_M_X                                                          1648590

(1 rows affected)
ts                      session_id blocking_session_id wait_type                                                    wait_time  
----------------------- ---------- ------------------- ------------------------------------------------------------ -----------
2026-09-19 03:20:29.710         55                  59 LCK_M_X                                                          1649592

(1 rows affected)
ts                      session_id blocking_session_id wait_type                                                    wait_time  
----------------------- ---------- ------------------- ------------------------------------------------------------ -----------
2026-09-19 03:20:30.713         55                  59 LCK_M_X                                                          1650594

(1 rows affected)
ts                      session_id blocking_session_id wait_type                                                    wait_time  
----------------------- ---------- ------------------- ------------------------------------------------------------ -----------
2026-09-19 03:20:31.717         55                  59 LCK_M_X                                                          1651596

(1 rows affected)
ts                      session_id blocking_session_id wait_type                                                    wait_time  
----------------------- ---------- ------------------- ------------------------------------------------------------ -----------
2026-09-19 03:20:32.713         55                  59 LCK_M_X                                                          1652598

(1 rows affected)
ts                      session_id blocking_session_id wait_type                                                    wait_time  
----------------------- ---------- ------------------- ------------------------------------------------------------ -----------
2026-09-19 03:20:33.717         55                  59 LCK_M_X                                                          1653600

(1 rows affected)
ts                      session_id blocking_session_id wait_type                                                    wait_time  
----------------------- ---------- ------------------- ------------------------------------------------------------ -----------
2026-09-19 03:20:34.720         55                  59 LCK_M_X                                                          1654601

(1 rows affected)
ts                      session_id blocking_session_id wait_type                                                    wait_time  
----------------------- ---------- ------------------- ------------------------------------------------------------ -----------
2026-09-19 03:20:35.720         55                  59 LCK_M_X                                                          1655604

(1 rows affected)
ts                      session_id blocking_session_id wait_type                                                    wait_time  
----------------------- ---------- ------------------- ------------------------------------------------------------ -----------
2026-09-19 03:20:36.723         55                  59 LCK_M_X                                                          1656606

(1 rows affected)
ts                      session_id blocking_session_id wait_type                                                    wait_time  
----------------------- ---------- ------------------- ------------------------------------------------------------ -----------
2026-09-19 03:20:37.727         55                  59 LCK_M_X                                                          1657608

(1 rows affected)
ts                      session_id blocking_session_id wait_type                                                    wait_time  
----------------------- ---------- ------------------- ------------------------------------------------------------ -----------
2026-09-19 03:20:38.730         55                  59 LCK_M_X                                                          1658610

(1 rows affected)
ts                      session_id blocking_session_id wait_type                                                    wait_time  
----------------------- ---------- ------------------- ------------------------------------------------------------ -----------
2026-09-19 03:20:39.730         55                  59 LCK_M_X                                                          1659612

(1 rows affected)
ts                      session_id blocking_session_id wait_type                                                    wait_time  
----------------------- ---------- ------------------- ------------------------------------------------------------ -----------
2026-09-19 03:20:40.733         55                  59 LCK_M_X                                                          1660614

(1 rows affected)
ts                      session_id blocking_session_id wait_type                                                    wait_time  
----------------------- ---------- ------------------- ------------------------------------------------------------ -----------
2026-09-19 03:20:41.733         55                  59 LCK_M_X                                                          1661616

(1 rows affected)
ts                      session_id blocking_session_id wait_type                                                    wait_time  
----------------------- ---------- ------------------- ------------------------------------------------------------ -----------
2026-09-19 03:20:42.737         55                  59 LCK_M_X                                                          1662618

(1 rows affected)
ts                      session_id blocking_session_id wait_type                                                    wait_time  
----------------------- ---------- ------------------- ------------------------------------------------------------ -----------
2026-09-19 03:20:43.737         55                  59 LCK_M_X                                                          1663620

(1 rows affected)
ts                      session_id blocking_session_id wait_type                                                    wait_time  
----------------------- ---------- ------------------- ------------------------------------------------------------ -----------
2026-09-19 03:20:44.740         55                  59 LCK_M_X                                                          1664622

(1 rows affected)
ts                      session_id blocking_session_id wait_type                                                    wait_time  
----------------------- ---------- ------------------- ------------------------------------------------------------ -----------
2026-09-19 03:20:45.740         55                  59 LCK_M_X                                                          1665623

(1 rows affected)
ts                      session_id blocking_session_id wait_type                                                    wait_time  
----------------------- ---------- ------------------- ------------------------------------------------------------ -----------
2026-09-19 03:20:46.740         55                  59 LCK_M_X                                                          1666625

(1 rows affected)
ts                      session_id blocking_session_id wait_type                                                    wait_time  
----------------------- ---------- ------------------- ------------------------------------------------------------ -----------
2026-09-19 03:20:47.743         55                  59 LCK_M_X                                                          1667627

(1 rows affected)
ts                      session_id blocking_session_id wait_type                                                    wait_time  
----------------------- ---------- ------------------- ------------------------------------------------------------ -----------
2026-09-19 03:20:48.747         55                  59 LCK_M_X                                                          1668629

(1 rows affected)
ts                      session_id blocking_session_id wait_type                                                    wait_time  
----------------------- ---------- ------------------- ------------------------------------------------------------ -----------
2026-09-19 03:20:49.750         55                  59 LCK_M_X                                                          1669631

(1 rows affected)
ts                      session_id blocking_session_id wait_type                                                    wait_time  
----------------------- ---------- ------------------- ------------------------------------------------------------ -----------
2026-09-19 03:20:50.750         55                  59 LCK_M_X                                                          1670632

(1 rows affected)
ts                      session_id blocking_session_id wait_type                                                    wait_time  
----------------------- ---------- ------------------- ------------------------------------------------------------ -----------
2026-09-19 03:20:51.753         55                  59 LCK_M_X                                                          1671634

(1 rows affected)
ts                      session_id blocking_session_id wait_type                                                    wait_time  
----------------------- ---------- ------------------- ------------------------------------------------------------ -----------
2026-09-19 03:20:52.753         55                  59 LCK_M_X                                                          1672636

(1 rows affected)
ts                      session_id blocking_session_id wait_type                                                    wait_time  
----------------------- ---------- ------------------- ------------------------------------------------------------ -----------
2026-09-19 03:20:53.757         55                  59 LCK_M_X                                                          1673638

(1 rows affected)
ts                      session_id blocking_session_id wait_type                                                    wait_time  
----------------------- ---------- ------------------- ------------------------------------------------------------ -----------
2026-09-19 03:20:54.760         55                  59 LCK_M_X                                                          1674640

(1 rows affected)
ts                      session_id blocking_session_id wait_type                                                    wait_time  
----------------------- ---------- ------------------- ------------------------------------------------------------ -----------
2026-09-19 03:20:55.760         55                  59 LCK_M_X                                                          1675641

(1 rows affected)
ts                      session_id blocking_session_id wait_type                                                    wait_time  
----------------------- ---------- ------------------- ------------------------------------------------------------ -----------
2026-09-19 03:20:56.760         55                  59 LCK_M_X                                                          1676643

(1 rows affected)
ts                      session_id blocking_session_id wait_type                                                    wait_time  
----------------------- ---------- ------------------- ------------------------------------------------------------ -----------
2026-09-19 03:20:57.760         55                  59 LCK_M_X                                                          1677645

(1 rows affected)
ts                      session_id blocking_session_id wait_type                                                    wait_time  
----------------------- ---------- ------------------- ------------------------------------------------------------ -----------
2026-09-19 03:20:58.763         55                  59 LCK_M_X                                                          1678647

(1 rows affected)
ts                      session_id blocking_session_id wait_type                                                    wait_time  
----------------------- ---------- ------------------- ------------------------------------------------------------ -----------
2026-09-19 03:20:59.767         55                  59 LCK_M_X                                                          1679649

(1 rows affected)
ts                      session_id blocking_session_id wait_type                                                    wait_time  
----------------------- ---------- ------------------- ------------------------------------------------------------ -----------
2026-09-19 03:21:00.767         55                  59 LCK_M_X                                                          1680651

(1 rows affected)
ts                      session_id blocking_session_id wait_type                                                    wait_time  
----------------------- ---------- ------------------- ------------------------------------------------------------ -----------
2026-09-19 03:21:01.770         55                  59 LCK_M_X                                                          1681652

(1 rows affected)
ts                      session_id blocking_session_id wait_type                                                    wait_time  
----------------------- ---------- ------------------- ------------------------------------------------------------ -----------
2026-09-19 03:21:02.773         55                  59 LCK_M_X                                                          1682654

(1 rows affected)
ts                      session_id blocking_session_id wait_type                                                    wait_time  
----------------------- ---------- ------------------- ------------------------------------------------------------ -----------
2026-09-19 03:21:03.770         55                  59 LCK_M_X                                                          1683656

(1 rows affected)
ts                      session_id blocking_session_id wait_type                                                    wait_time  
----------------------- ---------- ------------------- ------------------------------------------------------------ -----------
2026-09-19 03:21:04.773         55                  59 LCK_M_X                                                          1684658

(1 rows affected)
ts                      session_id blocking_session_id wait_type                                                    wait_time  
----------------------- ---------- ------------------- ------------------------------------------------------------ -----------
2026-09-19 03:21:05.777         55                  59 LCK_M_X                                                          1685660

(1 rows affected)
ts                      session_id blocking_session_id wait_type                                                    wait_time  
----------------------- ---------- ------------------- ------------------------------------------------------------ -----------
2026-09-19 03:21:06.780         55                  59 LCK_M_X                                                          1686662

(1 rows affected)
ts                      session_id blocking_session_id wait_type                                                    wait_time  
----------------------- ---------- ------------------- ------------------------------------------------------------ -----------
2026-09-19 03:21:07.780         55                  59 LCK_M_X                                                          1687664

(1 rows affected)
ts                      session_id blocking_session_id wait_type                                                    wait_time  
----------------------- ---------- ------------------- ------------------------------------------------------------ -----------
2026-09-19 03:21:08.783         55                  59 LCK_M_X                                                          1688665

(1 rows affected)
ts                      session_id blocking_session_id wait_type                                                    wait_time  
----------------------- ---------- ------------------- ------------------------------------------------------------ -----------
2026-09-19 03:21:09.787         55                  59 LCK_M_X                                                          1689667

(1 rows affected)
ts                      session_id blocking_session_id wait_type                                                    wait_time  
----------------------- ---------- ------------------- ------------------------------------------------------------ -----------
2026-09-19 03:21:10.790         55                  59 LCK_M_X                                                          1690669

(1 rows affected)
ts                      session_id blocking_session_id wait_type                                                    wait_time  
----------------------- ---------- ------------------- ------------------------------------------------------------ -----------
2026-09-19 03:21:11.787         55                  59 LCK_M_X                                                          1691671

(1 rows affected)
ts                      session_id blocking_session_id wait_type                                                    wait_time  
----------------------- ---------- ------------------- ------------------------------------------------------------ -----------
2026-09-19 03:21:12.790         55                  59 LCK_M_X                                                          1692673

(1 rows affected)
ts                      session_id blocking_session_id wait_type                                                    wait_time  
----------------------- ---------- ------------------- ------------------------------------------------------------ -----------
2026-09-19 03:21:13.790         55                  59 LCK_M_X                                                          1693674

(1 rows affected)
ts                      session_id blocking_session_id wait_type                                                    wait_time  
----------------------- ---------- ------------------- ------------------------------------------------------------ -----------
2026-09-19 03:21:14.793         55                  59 LCK_M_X                                                          1694676

(1 rows affected)
ts                      session_id blocking_session_id wait_type                                                    wait_time  
----------------------- ---------- ------------------- ------------------------------------------------------------ -----------
2026-09-19 03:21:15.793         55                  59 LCK_M_X                                                          1695678

(1 rows affected)
ts                      session_id blocking_session_id wait_type                                                    wait_time  
----------------------- ---------- ------------------- ------------------------------------------------------------ -----------
2026-09-19 03:21:16.800         55                  59 LCK_M_X                                                          1696679

(1 rows affected)
ts                      session_id blocking_session_id wait_type                                                    wait_time  
----------------------- ---------- ------------------- ------------------------------------------------------------ -----------
2026-09-19 03:21:17.800         55                  59 LCK_M_X                                                          1697681

(1 rows affected)
ts                      session_id blocking_session_id wait_type                                                    wait_time  
----------------------- ---------- ------------------- ------------------------------------------------------------ -----------
2026-09-19 03:21:18.800         55                  59 LCK_M_X                                                          1698683

(1 rows affected)
ts                      session_id blocking_session_id wait_type                                                    wait_time  
----------------------- ---------- ------------------- ------------------------------------------------------------ -----------
2026-09-19 03:21:19.803         55                  59 LCK_M_X                                                          1699685

(1 rows affected)
ts                      session_id blocking_session_id wait_type                                                    wait_time  
----------------------- ---------- ------------------- ------------------------------------------------------------ -----------
2026-09-19 03:21:20.803         55                  59 LCK_M_X                                                          1700687

(1 rows affected)
ts                      session_id blocking_session_id wait_type                                                    wait_time  
----------------------- ---------- ------------------- ------------------------------------------------------------ -----------
2026-09-19 03:21:21.803         55                  59 LCK_M_X                                                          1701689

(1 rows affected)
ts                      session_id blocking_session_id wait_type                                                    wait_time  
----------------------- ---------- ------------------- ------------------------------------------------------------ -----------
2026-09-19 03:21:22.807         55                  59 LCK_M_X                                                          1702691

(1 rows affected)
ts                      session_id blocking_session_id wait_type                                                    wait_time  
----------------------- ---------- ------------------- ------------------------------------------------------------ -----------
2026-09-19 03:21:23.810         55                  59 LCK_M_X                                                          1703692

(1 rows affected)
ts                      session_id blocking_session_id wait_type                                                    wait_time  
----------------------- ---------- ------------------- ------------------------------------------------------------ -----------
2026-09-19 03:21:24.810         55                  59 LCK_M_X                                                          1704694

(1 rows affected)
ts                      session_id blocking_session_id wait_type                                                    wait_time  
----------------------- ---------- ------------------- ------------------------------------------------------------ -----------
2026-09-19 03:21:25.813         55                  59 LCK_M_X                                                          1705696

(1 rows affected)
ts                      session_id blocking_session_id wait_type                                                    wait_time  
----------------------- ---------- ------------------- ------------------------------------------------------------ -----------
2026-09-19 03:21:26.817         55                  59 LCK_M_X                                                          1706698

(1 rows affected)
ts                      session_id blocking_session_id wait_type                                                    wait_time  
----------------------- ---------- ------------------- ------------------------------------------------------------ -----------
2026-09-19 03:21:27.820         55                  59 LCK_M_X                                                          1707700

(1 rows affected)
ts                      session_id blocking_session_id wait_type                                                    wait_time  
----------------------- ---------- ------------------- ------------------------------------------------------------ -----------
2026-09-19 03:21:28.820         55                  59 LCK_M_X                                                          1708702

(1 rows affected)
ts                      session_id blocking_session_id wait_type                                                    wait_time  
----------------------- ---------- ------------------- ------------------------------------------------------------ -----------
2026-09-19 03:21:29.820         55                  59 LCK_M_X                                                          1709704

(1 rows affected)
ts                      session_id blocking_session_id wait_type                                                    wait_time  
----------------------- ---------- ------------------- ------------------------------------------------------------ -----------
2026-09-19 03:21:30.823         55                  59 LCK_M_X                                                          1710705

(1 rows affected)
ts                      session_id blocking_session_id wait_type                                                    wait_time  
----------------------- ---------- ------------------- ------------------------------------------------------------ -----------
2026-09-19 03:21:31.823         55                  59 LCK_M_X                                                          1711707

(1 rows affected)
ts                      session_id blocking_session_id wait_type                                                    wait_time  
----------------------- ---------- ------------------- ------------------------------------------------------------ -----------
2026-09-19 03:21:32.823         55                  59 LCK_M_X                                                          1712709

(1 rows affected)
ts                      session_id blocking_session_id wait_type                                                    wait_time  
----------------------- ---------- ------------------- ------------------------------------------------------------ -----------
2026-09-19 03:21:33.827         55                  59 LCK_M_X                                                          1713711

(1 rows affected)
ts                      session_id blocking_session_id wait_type                                                    wait_time  
----------------------- ---------- ------------------- ------------------------------------------------------------ -----------
2026-09-19 03:21:34.830         55                  59 LCK_M_X                                                          1714713

(1 rows affected)
ts                      session_id blocking_session_id wait_type                                                    wait_time  
----------------------- ---------- ------------------- ------------------------------------------------------------ -----------
2026-09-19 03:21:35.830         55                  59 LCK_M_X                                                          1715715

(1 rows affected)
ts                      session_id blocking_session_id wait_type                                                    wait_time  
----------------------- ---------- ------------------- ------------------------------------------------------------ -----------
2026-09-19 03:21:36.833         55                  59 LCK_M_X                                                          1716717

(1 rows affected)
ts                      session_id blocking_session_id wait_type                                                    wait_time  
----------------------- ---------- ------------------- ------------------------------------------------------------ -----------
2026-09-19 03:21:37.837         55                  59 LCK_M_X                                                          1717719

(1 rows affected)
ts                      session_id blocking_session_id wait_type                                                    wait_time  
----------------------- ---------- ------------------- ------------------------------------------------------------ -----------
2026-09-19 03:21:38.840         55                  59 LCK_M_X                                                          1718721

(1 rows affected)
ts                      session_id blocking_session_id wait_type                                                    wait_time  
----------------------- ---------- ------------------- ------------------------------------------------------------ -----------
2026-09-19 03:21:39.840         55                  59 LCK_M_X                                                          1719723

(1 rows affected)
ts                      session_id blocking_session_id wait_type                                                    wait_time  
----------------------- ---------- ------------------- ------------------------------------------------------------ -----------
2026-09-19 03:21:40.843         55                  59 LCK_M_X                                                          1720725

(1 rows affected)
ts                      session_id blocking_session_id wait_type                                                    wait_time  
----------------------- ---------- ------------------- ------------------------------------------------------------ -----------
2026-09-19 03:21:41.843         55                  59 LCK_M_X                                                          1721727

(1 rows affected)
ts                      session_id blocking_session_id wait_type                                                    wait_time  
----------------------- ---------- ------------------- ------------------------------------------------------------ -----------
2026-09-19 03:21:42.847         55                  59 LCK_M_X                                                          1722728

(1 rows affected)
ts                      session_id blocking_session_id wait_type                                                    wait_time  
----------------------- ---------- ------------------- ------------------------------------------------------------ -----------
2026-09-19 03:21:43.850         55                  59 LCK_M_X                                                          1723730

(1 rows affected)
ts                      session_id blocking_session_id wait_type                                                    wait_time  
----------------------- ---------- ------------------- ------------------------------------------------------------ -----------
2026-09-19 03:21:44.850         55                  59 LCK_M_X                                                          1724733

(1 rows affected)
ts                      session_id blocking_session_id wait_type                                                    wait_time  
----------------------- ---------- ------------------- ------------------------------------------------------------ -----------
2026-09-19 03:21:45.850         55                  59 LCK_M_X                                                          1725734

(1 rows affected)
ts                      session_id blocking_session_id wait_type                                                    wait_time  
----------------------- ---------- ------------------- ------------------------------------------------------------ -----------
2026-09-19 03:21:46.853         55                  59 LCK_M_X                                                          1726736

(1 rows affected)
ts                      session_id blocking_session_id wait_type                                                    wait_time  
----------------------- ---------- ------------------- ------------------------------------------------------------ -----------
2026-09-19 03:21:47.857         55                  59 LCK_M_X                                                          1727738

(1 rows affected)
ts                      session_id blocking_session_id wait_type                                                    wait_time  
----------------------- ---------- ------------------- ------------------------------------------------------------ -----------
2026-09-19 03:21:48.860         55                  59 LCK_M_X                                                          1728740

(1 rows affected)
ts                      session_id blocking_session_id wait_type                                                    wait_time  
----------------------- ---------- ------------------- ------------------------------------------------------------ -----------
2026-09-19 03:21:49.860         55                  59 LCK_M_X                                                          1729742

(1 rows affected)
ts                      session_id blocking_session_id wait_type                                                    wait_time  
----------------------- ---------- ------------------- ------------------------------------------------------------ -----------
2026-09-19 03:21:50.860         55                  59 LCK_M_X                                                          1730744

(1 rows affected)
ts                      session_id blocking_session_id wait_type                                                    wait_time  
----------------------- ---------- ------------------- ------------------------------------------------------------ -----------
2026-09-19 03:21:51.860         55                  59 LCK_M_X                                                          1731746

(1 rows affected)
ts                      session_id blocking_session_id wait_type                                                    wait_time  
----------------------- ---------- ------------------- ------------------------------------------------------------ -----------
2026-09-19 03:21:52.863         55                  59 LCK_M_X                                                          1732748

(1 rows affected)
ts                      session_id blocking_session_id wait_type                                                    wait_time  
----------------------- ---------- ------------------- ------------------------------------------------------------ -----------
2026-09-19 03:21:53.867         55                  59 LCK_M_X                                                          1733750

(1 rows affected)
ts                      session_id blocking_session_id wait_type                                                    wait_time  
----------------------- ---------- ------------------- ------------------------------------------------------------ -----------
2026-09-19 03:21:54.870         55                  59 LCK_M_X                                                          1734752

(1 rows affected)
ts                      session_id blocking_session_id wait_type                                                    wait_time  
----------------------- ---------- ------------------- ------------------------------------------------------------ -----------
2026-09-19 03:21:55.870         55                  59 LCK_M_X                                                          1735754

(1 rows affected)
ts                      session_id blocking_session_id wait_type                                                    wait_time  
----------------------- ---------- ------------------- ------------------------------------------------------------ -----------
2026-09-19 03:21:56.873         55                  59 LCK_M_X                                                          1736756

(1 rows affected)
ts                      session_id blocking_session_id wait_type                                                    wait_time  
----------------------- ---------- ------------------- ------------------------------------------------------------ -----------
2026-09-19 03:21:57.877         55                  59 LCK_M_X                                                          1737758

(1 rows affected)
ts                      session_id blocking_session_id wait_type                                                    wait_time  
----------------------- ---------- ------------------- ------------------------------------------------------------ -----------
2026-09-19 03:21:58.877         55                  59 LCK_M_X                                                          1738760

(1 rows affected)
ts                      session_id blocking_session_id wait_type                                                    wait_time  
----------------------- ---------- ------------------- ------------------------------------------------------------ -----------
